DATE,PAYS,CODE,LOCALITE,LANGUE_MATERNELLE,LANGUE_VEHICULAIRE,COMMENT_NOUS_AVEZ_VOUS_DECOUVERT,MIN,KM
13/10/2017,LUX,4527,DIFFERDANGE,LUXEMBOURGEOIS,LUXEMBOURGEOIS,,5,4
13/10/2017,LUX,4660,DIFFERDANGE,LUXEMBOURGEOIS/FRANCAIS,ANGLAIS,,5,4
13/10/2017,LUX,8447,STEINSEL,LUXEMBOURGEOIS,ALLEMAND,,30,36
14/10/2017,LUX,6922,BERG (BETZDORF),LUXEMBOURGEOIS,LUXEMBOURGEOIS,,35,50
14/10/2017,LUX,3315,BERGEM,LUXEMBOURGEOIS,LUXEMBOURGEOIS,,14,15
14/10/2017,LUX,3315,BERGEM,LUXEMBOURGEOIS,LUXEMBOURGEOIS,,14,15
14/10/2017,LUX,8060,BERTRANGE,ANGLAIS,ANGLAIS,,24,20
14/10/2017,FRA,54680,CRUSNES  ERROUVILLE,FRANCAIS,FRANCAIS,,24,31
14/10/2017,LUX,4670,DIFFERDANGE,LUXEMBOURGEOIS,LUXEMBOURGEOIS,,5,4
14/10/2017,LUX,4046,ESCH-SUR-ALZETTE,LUXEMBOURGEOIS,LUXEMBOURGEOIS,,11,10
14/10/2017,LUX,1467,HOWALD,FRANCAIS,FRANCAIS,,21,26
14/10/2017,LUX,6122,JUNGLINSTER,ANGLAIS,ANGLAIS,,31,43
14/10/2017,FRA,54810,LONGLAVILLE,FRANCAIS,FRANCAIS,,10,5
14/10/2017,LUX,1912,Luxembourg,ANGLAIS,ANGLAIS,,23,26
14/10/2017,FRA,54650,SAULNES,FRANCAIS,FRANCAIS,,18,13
14/10/2017,LUX,8044,STRASSEN,FRANCAIS,FRANCAIS,,19,26
15/10/2017,LUX,7788,BISSEN,LUXEMBOURGEOIS,LUXEMBOURGEOIS,,38,55
15/10/2017,LUX,7733,COLMAR-BERG,LUXEMBOURGEOIS,LUXEMBOURGEOIS,,41,59
15/10/2017,LUX,4123,ESCH-SUR-ALZETTE,PORTUGAIS,PORTUGAIS,,11,10
15/10/2017,LUX,4123,ESCH-SUR-ALZETTE,LUXEMBOURGEOIS,LUXEMBOURGEOIS,,11,10
15/10/2017,LUX,4020,ESCH-SUR-ALZETTE,FRANCAIS,FRANCAIS,,11,10
15/10/2017,LUX,6116,JUNGLINSTER,LUXEMBOURGEOIS,LUXEMBOURGEOIS,,31,43
15/10/2017,LUX,2652,Luxembourg,FRANCAIS,FRANCAIS,,23,26
15/10/2017,LUX,2153,LUxembourg,LUXEMBOURGEOIS,LUXEMBOURGEOIS,,23,26
15/10/2017,LUX,4420,SOLEUVRE,FRANCAIS,FRANCAIS,,6,4
15/10/2017,FRA,54190,VILLERUPT  TIERCELET,PORTUGAIS,FRANCAIS/PORTUGAIS,,17,12
16/10/2017,FRA,55470,SAUDRUPT,FRANCAIS,ANGLAIS,PRESSE,122,134
18/10/2017,LUX,4220,ESCH-SUR-ALZETTE,LUXEMBOURGEOIS,ALLEMAND/FRANCAIS,FACEBOOK,11,10
18/10/2017,LUX,7661,MEDERNACH,LUXEMBOURGEOIS,ALLEMAND/FRANCAIS,B.A.O.,45,57
19/10/2017,LUX,4606,DIFFERDANGE,LUXEMBOURGEOIS,LUXEMBOURGEOIS,PRESSE,5,4
19/10/2017,LUX,4501,DIFFERDANGE,LUXEMBOURGEOIS,LUXEMBOURGEOIS,ECOLE,5,4
20/10/2017,BEL,6791,Aubange,FRANCAIS,FRANCAIS,PRESSE,15,14
20/10/2017,LUX,4551,DIFFERDANGE,LUXEMBOURGEOIS/FRANCAIS,FRANCAIS,PRESSE,5,4
20/10/2017,LUX,4020,ESCH-SUR-ALZETTE,LUXEMBOURGEOIS/FRANCAIS,FRANCAIS,PRESSE,11,10
21/10/2017,LUX,4462,BELVAUX,NEERLANDAIS,ANGLAIS,FACEBOOK,8,5
21/10/2017,LUX,4431,BELVAUX,LUXEMBOURGEOIS,FRANCAIS,SITE,8,5
21/10/2017,LUX,1541,Luxembourg,FRANCAIS,LUXEMBOURGEOIS,MEDIA,23,26
21/10/2017,LUX,9188,VICHTEN,LUXEMBOURGEOIS,FRANCAIS,MEDIA,44,61
22/10/2017,LUX,4266,ESCH-SUR-ALZETTE,LUXEMBOURGEOIS,ALLEMAND,B.A.O.,11,10
22/10/2017,FRA,57290,FAMECK  SERêMANGE,FRANCAIS,ANGLAIS,B.A.O.,36,52
22/10/2017,LUX,1512,Luxembourg,ESPAGNOL,FRANCAIS,FACEBOOK,23,26
22/10/2017,LUX,1649,Luxembourg,ITALIEN,ANGLAIS,B.A.O.,23,26
22/10/2017,LUX,1519,Luxembourg,ALLEMAND,ALLEMAND,B.A.O.,23,26
22/10/2017,LUX,8028,STRASSEN,PORTUGAIS,FRANCAIS,FACEBOOK,19,26
22/10/2017,LUX,9545,WILTZ,FRANCAIS,ANGLAIS,FACEBOOK,50,64
23/10/2017,ITA,BERGAMO,BERGAMO,ITALIEN,ITALIEN,B.A.O.,,
23/10/2017,LUX,8135,BRIDEL,ANGLAIS,ANGLAIS,B.A.O.,23,31
23/10/2017,LUX,8325,CAP,FRANCAIS,FRANCAIS,B.A.O.,23,17
23/10/2017,LUX,8352,DAHLEM,ANGLAIS,ANGLAIS,B.A.O.,17,16
23/10/2017,LUX,2535,Luxembourg,ANGLAIS,ANGLAIS,B.A.O.,23,26
23/10/2017,LUX,1541,Luxembourg,ANGLAIS,,B.A.O.,23,26
23/10/2017,LUX,2542,Luxembourg,ANGLAIS,,B.A.O.,23,26
23/10/2017,LUX,2270,Luxembourg,FLAMAND,,B.A.O.,23,26
23/10/2017,LUX,1516,Luxembourg,ALLEMAND,ALLEMAND,B.A.O.,23,26
23/10/2017,LUX,7343,STEINSEL,SUEDOIS,,B.A.O.,30,36
23/10/2017,LUX,8023,STRASSEN,SUEDOIS,FRANCAIS,B.A.O.,19,26
24/10/2017,FRA,57360,AMNêVILLE,FRANCAIS,FRANCAIS,B.A.O.,41,49
24/10/2017,LUX,4930,BASCHARAGE,FRANCAIS/DANOIS,FRANCAIS,MEDIA,10,9
24/10/2017,LUX,3346,LEUDELANGE,LUXEMBOURGEOIS,ALLEMAND,FACEBOOK,16,19
24/10/2017,FRA,57270,RICHEMONT  UCKANGE,FRANCAIS,ANGLAIS/ARABE/FRANCAIS,FACEBOOK,36,54
24/10/2017,ITA,10036,SETTIMO TORINESE,ITALIEN,ANGLAIS,TOURISME ,,
25/10/2017,FRA,54400,LONGWY,FRANCAIS,ARABE,ECOLE,14,10
26/10/2017,DEU,33610,N/A,ALLEMAND,ANGLAIS/FRANCAIS,TOURISME ,,
28/10/2017,LUX,7213,BERELDANGE,ANGLAIS,ANGLAIS/FRANCAIS,FACEBOOK,26,33
28/10/2017,LUX,8063,BERTRANGE,NORVEGIEN,ANGLAIS/FRANCAIS,FACEBOOK,24,20
28/10/2017,LUX,8330,CAP,CHINOIS,FRANCAIS,FACEBOOK,23,17
28/10/2017,LUX,4693,DIFFERDANGE,FRANCAIS,FRANCAIS,CURIOSITE,5,4
28/10/2017,LUX,2518,Luxembourg,LITUANIEN,ANGLAIS/FRANCAIS,PRESSE,23,26
28/10/2017,LUX,2310,LUXEMBOURG,FRANCAIS,FRANCAIS,FACEBOOK,23,26
28/10/2017,LUX,1948,Luxembourg,ANGLAIS,ANGLAIS,FACEBOOK,23,26
28/10/2017,LUX,1932,Luxembourg,FRANCAIS/ANGLAIS,FRANCAIS,ENTREPRISE,23,26
28/10/2017,GBR,TW14RG,N/A,ANGLAIS,ANGLAIS,FACEBOOK,,
28/10/2017,LUX,4439,SOLEUVRE,RUSSE,ALLEMAND/FRANCAIS,B.A.O.,6,4
29/10/2017,LUX,8055,BERTRANGE,PORTUGAIS,ANGLAIS/FRANCAIS,B.A.O.,24,20
29/10/2017,LUX,8086,BERTRANGE,BULGARE,FRANCAIS,FACEBOOK,24,20
29/10/2017,LUX,4521,DIFFERDANGE,LUXEMBOURGEOIS,LUXEMBOURGEOIS,CURIOSITE,5,4
29/10/2017,LUX,4665,DIFFERDANGE,RUSSE,ANGLAIS,FACEBOOK,5,4
29/10/2017,LUX,4626,DIFFERDANGE,LUXEMBOURGEOIS,LUXEMBOURGEOIS,FACEBOOK,5,4
29/10/2017,LUX,6470,ECHTERNACH,LUXEMBOURGEOIS,LUXEMBOURGEOIS,B.A.O.,45,71
29/10/2017,LUX,4383,EHLERANGE,LUXEMBOURGEOIS,LUXEMBOURGEOIS,FACEBOOK,9,7
29/10/2017,LUX,9061,ETTELBRUCK,ROUMAIN,FRANCAIS,FACEBOOK,44,62
29/10/2017,LUX,6722,GREVENMACHER,ROUMAIN,ANGLAIS/FRANCAIS,FACEBOOK,34,53
29/10/2017,LUX,7251,HELMSANGE,LITUANIEN,ANGLAIS/FRANCAIS,PRESSE,31,41
29/10/2017,LUX,8370,HOBSCHEID,LUXEMBOURGEOIS,LUXEMBOURGEOIS,B.A.O.,33,24
29/10/2017,FRA,57970,LANDRES,FRANCAIS,FRANCAIS,FAMILLE,37,46
29/10/2017,LUX,2423,Luxembourg,ANGLAIS,ANGLAIS,FACEBOOK,23,26
29/10/2017,LUX,2629,Luxembourg,FRANCAIS,ANGLAIS/FRANCAIS,FACEBOOK,23,26
29/10/2017,LUX,1457,Luxembourg,LITUANIEN,ANGLAIS/FRANCAIS,FACEBOOK,23,26
29/10/2017,LUX,1750,Luxembourg,LUXEMBOURGEOIS,LUXEMBOURGEOIS,B.A.O.,23,26
29/10/2017,LUX,1613,Luxembourg,ITALIEN,FRANCAIS/ITALIEN,FACEBOOK,23,26
29/10/2017,LUX,1450,Luxembourg,ITALIEN,FRANCAIS,PRESSE,23,26
29/10/2017,LUX,2732,Luxembourg,FRANCAIS,FRANCAIS,PRESSE,23,26
29/10/2017,LUX,8232,MAMER,LUXEMBOURGEOIS,LUXEMBOURGEOIS,FACEBOOK,24,19
29/10/2017,ROU,16320,N/A,ROUMAIN,ANGLAIS/FRANCAIS,FACEBOOK,,
29/10/2017,ROU,61022,N/A,ROUMAIN,FRANCAIS/ROUMAIN,FACEBOOK,,
29/10/2017,LUX,3390,PEPPANGE,FRANCAIS,FRANCAIS,PRESSE,21,26
29/10/2017,FRA,54700,PONT-A-MOIUSSON,FRANCAIS,FRANCAIS,FACEBOOK,66,101
29/10/2017,LUX,4989,SANEM,LUXEMBOURGEOIS/RUSSE,LUXEMBOURGEOIS,FACEBOOK,7,6
29/10/2017,LUX,5369,SCHUTTRANGE,FRANCAIS,FRANCAIS,B.A.O.,30,42
29/10/2017,LUX,8042,STRASSEN,LUXEMBOURGEOIS/PORTUGAIS/ANGLAIS,LUXEMBOURGEOIS,FACEBOOK,19,26
29/10/2017,LUX,8024,STRASSEN,LITUANIEN,ANGLAIS/FRANCAIS,FACEBOOK,19,26
29/10/2017,LUX,9189,VICHTEN,LUXEMBOURGEOIS,LUXEMBOURGEOIS,FACEBOOK,44,61
29/10/2017,DEU,67661,WALDLEININGEN,ALLEMAND,ALLEMAND,FACEBOOK,115,182
30/10/2017,LUX,8079,BERTRANGE,ANGLAIS,ANGLAIS/LUXEMBOURGEOIS,FACEBOOK,24,20
30/10/2017,LUX,8531,ELL,FRANCAIS,FRANCAIS,PRESSE,37,37
30/10/2017,LUX,4353,ESCH-SUR-ALZETTE,ITALIEN,FRANCAIS/ITALIEN,FACEBOOK,11,10
30/10/2017,DEU,60594,FRANKFURT,ALLEMAND,ALLEMAND/ANGLAIS,FACEBOOK,170,281
30/10/2017,LUX,7335,HEISDORF,ANGLAIS,ANGLAIS/LUXEMBOURGEOIS,FACEBOOK,31,36
30/10/2017,LUX,1520,Luxembourg,FRANCAIS,FRANCAIS,FACEBOOK,23,26
30/10/2017,LUX,1880,Luxembourg,FRANCAIS,FRANCAIS,FACEBOOK,23,26
31/10/2017,FRA,78650,BEYNES,FRANCAIS,FRANCAIS ,INTERNET,243,385
31/10/2017,LUX,3440,DUDELANGE,AFRICAIN,ALLEMAND/ANGLAIS/LUXEMBOURGEOIS,FACEBOOK,19,23
01/11/2017,LUX,8055,BERTRANGE,ANGLAIS,ANGLAIS/FRANCAIS,INTERNET,24,20
01/11/2017,LUX,5407,BOUS,BULGARE,ANGLAIS/FRANCAIS,PRESSE,31,40
01/11/2017,LUX,8383,CAP,GREC,FRANCAIS,INTERNET,23,17
01/11/2017,LUX,3572,DUDELANGE,LUXEMBOURGEOIS,,,19,23
01/11/2017,FRA,57700,HAYANGE,FRANCAIS,FRANCAIS,AMIS,31,46
01/11/2017,LUX,6839,LELLIG,FRANCAIS,FRANCAIS,INTERNET,41,59
01/11/2017,LUX,5239,SANDWEILER,NEERLANDAIS,ANGLAIS/FRANCAIS,FACEBOOK,24,33
02/11/2017,LUX,4451,BELVAUX,LUXEMBOURGEOIS,LUXEMBOURGEOIS,B.A.O.,8,5
02/11/2017,BEL,6721,Habay,FRANCAIS,ANGLAIS,FACEBOOK,36,40
02/11/2017,LUX,1254,Luxembourg,GREC,FRANCAIS,FACEBOOK,23,26
02/11/2017,LUX,8613,PRATZ,LUXEMBOURGEOIS,FRANCAIS,INTERNET,48,58
03/11/2017,LUX,9639,BOULAIDE,LUXEMBOURGEOIS,,B.A.O.,54,59
03/11/2017,LUX,4571,DIFFERDANGE,FRANCAIS,FRANCAIS,,5,4
03/11/2017,LUX,4620,DIFFERDANGE,LUXEMBOURGEOIS,FRANCAIS,,5,4
03/11/2017,LUX,8360,GOETZINGEN,LUXEMBOURGEOIS,FRANCAIS,B.A.O.,24,34
03/11/2017,LUX,8279,HOLZEM,LUXEMBOURGEOIS,ALLEMAND/ANGLAIS/FRANCAIS,MEDIA,21,16
03/11/2017,BEL,6780,Messancy,FRANCAIS,FRANCAIS,PUB,17,17
04/11/2017,LUX,4570,DIFFERDANGE,LUXEMBOURGEOIS,FRANCAIS,PUB,5,4
04/11/2017,LUX,3490,DUDELANGE,LUXEMBOURGEOIS,ALLEMAND,MEDIA,19,23
04/11/2017,LUX,3583,DUDELANGE,LUXEMBOURGEOIS,FRANCAIS,MEDIA,19,23
04/11/2017,LUX,4069,ESCH-SUR-ALZETTE,LUXEMBOIRGEOIS/PORTUGAIS,ALLEMAND,INTERNET,11,10
04/11/2017,LUX,6783,GREVENMACHER,LUXEMBOURGEOIS,ALLEMAND,ENTREPRISE,34,53
04/11/2017,LUX,2624,Luxembourg,LITUANIEN,FRANCAIS,INTERNET ,23,26
04/11/2017,BEL,4500,NAMUR,FRANCAIS,,GOOGLE ,93,152
04/11/2017,LUX,4394,PONTPIERRE,FRANCAIS,ANGLAIS,ECOLE,12,14
04/11/2017,LUX,4440,SOLEUVRE,LUXEMBOURGEOIS,FRANCAIS,MEDIA,6,4
04/11/2017,LUX,8011,STRASSEN,LUXEMBOURGEOIS,FRANCAIS,MEDIA,19,26
05/11/2017,LUX,7248,BERELDANGE,ANGLAIS,RUSSE,FACEBOOK,26,33
05/11/2017,LUX,4574,DIFFERDANGE,PORTUGAIS,FRANCAIS/PORTUGAIS,PUB,5,4
05/11/2017,LUX,4650,DIFFERDANGE,LUXEMBOURGEOIS,ALLEMAND/FRANCAIS/LUXEMBOURGEOIS,CURIOSITE,5,4
05/11/2017,LUX,4580,DIFFERDANGE,LUXEMBOURGEOIS,ALLEMAND/FRANCAIS/ITALIEN/LUXEMBOURGEOIS,CURIOSITE,5,4
05/11/2017,DEU,4570,DIFFERDANGE,LUXEMBOURGEOIS/ALLEMAND,ALLEMAND/LUXEMBOURGEOIS,INTERNET,5,4
05/11/2017,LUX,4687,DIFFERDANGE,LUXEMBOURGEOIS,ALLEMAND/FRANCAIS/LUXEMBOURGEOIS,CURIOSITE,5,4
05/11/2017,LUX,6790,GREVENMACHER,LUXEMBOURGEOIS,ALLEMAND/ANGLAIS/FRANCAIS/LUXEMBOURGEOIS,B.A.O.,34,53
05/11/2017,LUX,8367,HAGEN,ITALIEN,FRANCAIS/ITALIEN,INTERNET,25,19
05/11/2017,FRA,57300,HAGONDANGE,FRANCAIS,ANGLAIS,B.A.O.,37,57
05/11/2017,LUX,7230,HELMSANGE,LUXEMBOURGEOIS,ALLEMAND/ANGLAIS/FRANCAIS/LUXEMBOURGEOIS,B.A.O.,31,41
05/11/2017,LUX,5850,HOWALD,CATALAN,FRANCAIS,FACEBOOK,21,26
05/11/2017,LUX,5953,ITZIG,ANGLAIS,POLONAIS,INTERNET,25,35
05/11/2017,LUX,5960,ITZIG,LUXEMBOURGEOIS,ALLEMAND/ANGLAIS/PORTUGAIS,INTERNET,25,35
05/11/2017,LUX,1618,Luxembourg,ROUMAIN,ANGLAIS/FRANCAIS,INTERNET,23,26
05/11/2017,LUX,2629,Luxembourg,LUXEMBOURGEOIS/FRANCAIS,FRANCAIS/LUXEMBOURGEOIS,CULTURE,23,26
05/11/2017,LUX,3939,MONDERCANGE,LUXEMBOURGEOIS/RUSSE,ALLEMAND,CURIOSITE,12,13
05/11/2017,BRA,,N/A,PORTUGAIS,ITALIEN,PUB,,
05/11/2017,LUX,6942,NIEDERANVEN,ALLEMAND,ALLEMAND/ANGLAIS/FRANCAIS/LUXEMBOURGEOIS,B.A.O.,27,41
05/11/2017,LUX,4760,PETANGE,LUXEMBOURGEOIS,ALLEMAND/ANGLAIS/FRANCAIS/LUXEMBOURGEOIS,INTERNET,9,6
05/11/2017,LUX,5376,UEBERSYREN,LUXEMBOURGEOIS,ALLEMAND/FRANCAIS/LUXEMBOURGEOIS,AMIS,29,41
05/11/2017,LUX,5495,WINTRANGE,FRANCAIS,ALLEMAND,B.A.O.,30,39
06/11/2017,LUX,1111,Luxembourg,LUXEMBOURGEOIS,ALLEMAND/LUXEMBOURGEOIS,INTERNET,23,26
10/11/2017,FRA,92000,NANTERRE,FRANCAIS,FRANCAIS,TOURISME ,228,360
11/11/2017,LUX,4431,BELVAUX,LUXEMBOURGEOIS,LUXEMBOURGEOIS,FACEBOOK,8,5
11/11/2017,LUX,8096,BERTRANGE,ANGLAIS,ANGLAIS,INTERNET,24,20
11/11/2017,LUX,4548,DIFFERDANGE,PORTUGAIS,FRANCAIS,B.A.O.,5,4
11/11/2017,LUX,4601,DIFFERDANGE,BANGLADESH,LUXEMBOURGEOIS,FACEBOOK,5,4
11/11/2017,LUX,4570,DIFFERDANGE,LUXEMBOURGEOIS,LUXEMBOURGEOIS,FACEBOOK,5,4
11/11/2017,LUX,4520,DIFFERDANGE,LUXEMBOURGEOIS,LUXEMBOURGEOIS,CURIOSITE,5,4
11/11/2017,LUX,4522,DIFFERDANGE,LUXEMBOURGEOIS,LUXEMBOURGEOIS,FACEBOOK,5,4
11/11/2017,LUX,4002,ESCH-SUR-ALZETTE,LUXEMBOURGEOIS,LUXEMBOURGEOIS,B.A.O.,11,10
11/11/2017,LUX,4170,ESCH-SUR-ALZETTE,PORTUGAIS,FRANCAIS/LUXEMBOURGEOIS,FACEBOOK,11,10
11/11/2017,FRA,57330,HETTANGE-GRANDE,FRANCAIS,FRANCAIS,FACEBOOK,25,35
11/11/2017,LUX,1232,HOWALD,LUXEMBOURGEOIS,LUXEMBOURGEOIS,PUB,21,26
11/11/2017,FRA,57130,Jouy-aux-Arches,FRANCAIS,FRANCAIS,INTERNET,55,82
11/11/2017,LUX,3670,KAYL,LUXEMBOURGEOIS,LUXEMBOURGEOIS,INTERNET,14,17
11/11/2017,LUX,3352,LEUDELANGE,ALLEMAND/ANGLAIS,ALLEMAND,B.A.O.,16,19
11/11/2017,LUX,2428,Luxembourg,FRANCAIS/POLONAIS,FRANCAIS,B.A.O.,23,26
11/11/2017,LUX,2231,Luxembourg,ANGLAIS,ANGLAIS,INTERNET,23,26
11/11/2017,LUX,2435,Luxembourg,LUXEMBOURGEOIS,LUXEMBOURGEOIS,INTERNET,23,26
11/11/2017,LUX,2504,LUxembourg,ANGLAIS,ANGLAIS/FRANCAIS,INTERNET,23,26
11/11/2017,LUX,3940,MONDERCANGE,ANGLAIS,ANGLAIS,B.A.O.,12,13
11/11/2017,LUX,5367,SCHUTTRANGE,POLONAIS,FRANCAIS,INTERNET,30,42
11/11/2017,FRA,57480,Sierck-les-Bains,FRANCAIS,FRANCAIS,INTERNET,35,50
11/11/2017,LUX,4418,SOLEUVRE,LUXEMBOURGEOIS,LUXEMBOURGEOIS,FACEBOOK,6,4
12/11/2017,BEL,6717,Attert,FRANCAIS,FRANCAIS,INTERNET,34,35
12/11/2017,LUX,3322,BIVANGE,FRANCAIS,FRANCAIS,FACEBOOK,21,26
12/11/2017,LUX,3327,CRAUTHEM,LUXEMBOURGEOIS,FRANCAIS/LUXEMBOURGEOIS,PUB,22,26
12/11/2017,DEU,54338,CUSTINES,ALLEMAND,ALLEMAND,INTERNET,73,117
12/11/2017,LUX,4665,DIFFERDANGE,LUXEMBOURGEOIS,LUXEMBOURGEOIS,INTERNET,5,4
12/11/2017,LUX,4570,DIFFERDANGE,LUXEMBOURGEOIS,LUXEMBOURGEOIS,INTERNET,5,4
12/11/2017,LUX,4535,DIFFERDANGE,LUXEMBOURGEOIS,LUXEMBOURGEOIS,B.A.O.,5,4
12/11/2017,LUX,4514,DIFFERDANGE,LUXEMBOURGEOIS,LUXEMBOURGEOIS,B.A.O.,5,4
12/11/2017,LUX,4638,DIFFERDANGE,LUXEMBOURGEOIS,LUXEMBOURGEOIS,INTERNET,5,4
12/11/2017,LUX,4032,ESCH-SUR-ALZETTE,LUXEMBOURGEOIS,LUXEMBOURGEOIS,B.A.O.,11,10
12/11/2017,LUX,5828,FENTANGE,LUXEMBOURGEOIS,LUXEMBOURGEOIS,INTERNET,23,27
12/11/2017,LUX,5427,GREIVELDANGE,LUXEMBOURGEOIS,LUXEMBOURGEOIS,B.A.O.,35,46
12/11/2017,LUX,3643,KAYL,LUXEMBOURGEOIS,LUXEMBOURGEOIS,FACEBOOK,14,17
12/11/2017,LUX,3347,LEUDELANGE,LUXEMBOURGEOIS,FRANCAIS/LUXEMBOURGEOIS,FACEBOOK,16,19
12/11/2017,LUX,1374,Luxembourg,ITALIEN,FRANCAIS,B.A.O.,23,26
12/11/2017,LUX,2734,Luxembourg,LUXEMBOURGEOIS,LUXEMBOURGEOIS,INTERNET,23,26
12/11/2017,LUX,8230,MAMER,ITALIEN,FRANCAIS/ITALIEN,INTERNET,24,19
12/11/2017,CHE,,N/A,SUEDOIS,ANGLAIS,FACEBOOK,,
12/11/2017,LUX,8390,NOSPELT,FRANCAIS,FRANCAIS,INTERNET,26,36
12/11/2017,LUX,8824,PERLE,FRANCAIS,FRANCAIS,INTERNET,40,45
12/11/2017,LUX,4779,PETANGE,LUXEMBOURGEOIS,LUXEMBOURGEOIS,INTERNET,9,6
12/11/2017,LUX,3712,RUMELANGE,LUXEMBOURGEOIS,LUXEMBOURGEOIS,B.A.O.,18,40
12/11/2017,LUX,8561,SCHWEBACH,LUXEMBOURGEOIS,LUXEMBOURGEOIS,B.A.O.,40,50
12/11/2017,LUX,4418,SOLEUVRE,LUXEMBOURGEOIS,LUXEMBOURGEOIS,INTERNET,6,4
12/11/2017,LUX,3775,TETANGE,PORTUGAIS,FRANCAIS/PORTUGAIS,INTERNET,16,18
12/11/2017,FRA,57100,THIONVILLE,FRANCAIS,FRANCAIS,B.A.O.,32,42
12/11/2017,LUX,5376,UEBERSYREN,SUEDOIS,ANGLAIS/FRANCAIS,FACEBOOK,29,41
12/11/2017,LUX,7680,WALDBILLIG,ANGLAIS,LUXEMBOURGEOIS,FACEBOOK,45,57
12/11/2017,LUX,6590,WEILERBACH,LUXEMBOURGEOIS,LUXEMBOURGEOIS,B.A.O.,49,65
14/11/2017,LUX,5687,DALHEIM,LUXEMBOURGEOIS,LUXEMBOURGEOIS,B.A.O.,17,16
14/11/2017,LUX,4570,DIFFERDANGE,LUXEMBOURGEOIS,LUXEMBOURGEOIS,PRESSE,5,4
14/11/2017,LUX,4383,EHLERANGE,LUXEMBOURGEOIS,FRANCAIS,B.A.O.,9,7
17/11/2017,LUX,4601,DIFFERDANGE,LUXEMBOURGEOIS,FRANCAIS,B.A.O.,5,4
17/11/2017,LUX,7424,ESSINGEN,LUXEMBOURGEOIS,LUXEMBOURGEOIS,B.A.O.,39,55
18/11/2017,LUX,5405,BECH-KLEINMACHER,PORTUGAIS,LUXEMBOURGEOIS,B.A.O.,31,40
18/11/2017,LUX,4551,DIFFERDANGE,ALBANAIS,FRANCAIS,B.A.O.,5,4
18/11/2017,LUX,4638,DIFFERDANGE,LUXEMBOURGEOIS,FRANCAIS,B.A.O.,5,4
18/11/2017,FRA,57480,Sierck-les-Bains,FRANCAIS,FRANCAIS,INTERNET,35,50
18/11/2017,FRA,57100,THIONVILLE,FRANCAIS,FRANCAIS,B.A.O.,32,42
18/11/2017,LUX,5376,UEBERSYREN,FRANCAIS,ANGLAIS,FACEBOOK,29,41
19/11/2017,LUX,4687,DIFFERDANGE,LUXEMBOURGEOIS,ALLEMAND,B.A.O.,5,4
19/11/2017,LUX,4640,DIFFERDANGE,LUXEMBOURGEOIS,FRANCAIS,ECOLE,5,4
19/11/2017,LUX,3373,LEUDELANGE,FRANCAIS,ANGLAIS,B.A.O.,16,19
19/11/2017,LUX,1642,Luxembourg,POLONAIS,ALLEMAND/ANGLAIS,INTERNET,23,26
19/11/2017,LUX,1117,Luxembourg,POLONAIS,ANGLAIS/HONGROIS,AMIS,23,26
19/11/2017,LUX,5636,MONDORF-LES-BAINS,RUSSE/ALLEMAND,LUXEMBOURGEOIS,INTERNET,24,34
19/11/2017,LUX,5364,SCHRASSIG,FRANCAIS,ESTONIEN,B.A.O.,28,38
20/11/2017,LUX,6990,RAMELDANGE,ANGLAIS,FRANCAIS,INTERNET,27,38
21/11/2017,LUX,4483,SOLEUVRE,LUXEMBOURGEOIS,ALLEMAND/FRANCAIS,B.A.O.,6,4
23/11/2017,LUX,4574,DIFFERDANGE,LUXEMBOURGEOIS,FRANCAIS,INTERNET,5,4
24/11/2017,LUX,6962,SENNINGEN,ANGLAIS,FRANCAIS,FACEBOOK,28,39
25/11/2017,LUX,4482,BELVAUX,LUXEMBOURGEOIS,LUXEMBOURGEOIS,B.A.O.,8,5
25/11/2017,LUX,4976,BETTANGE-SUR-MESS,LUXEMBOURGEOIS,LUXEMBOURGEOIS,FACEBOOK,17,14
25/11/2017,LUX,4597,DIFFERDANGE,ARABE,FRANCAIS,ECOLE,5,4
25/11/2017,LUX,4570,DIFFERDANGE,LUXEMBOURGEOIS,FRANCAIS/LUXEMBOURGEOIS,INTERNET,5,4
25/11/2017,FRA,68190,Ensisheim,LUXEMBOURGEOIS,LUXEMBOURGEOIS,B.A.O.,188,329
25/11/2017,LUX,8364,HAGEN,FRANCAIS,ALLEMAND/FRANCAIS,INTERNET,25,19
25/11/2017,LUX,3680,KAYL,LUXEMBOURGEOIS,LUXEMBOURGEOIS,B.A.O.,14,17
25/11/2017,FRA,57860,RONCOURT,FRANCAIS,FRANCAIS,INTERNET,51,70
25/11/2017,LUX,4986,SANEM,LUXEMBOURGEOIS,LUXEMBOURGEOIS,B.A.O.,7,6
26/11/2017,FRA,57440,ALGRANGE,FRANCAIS,ANGLAIS/FRANCAIS,B.A.O.,35,47
26/11/2017,LUX,3327,CRAUTHEM,LUXEMBOURGEOIS,FRANCAIS,B.A.O.,22,26
26/11/2017,LUX,9253,DIEKIRCH,LUXEMBOURGEOIS,LUXEMBOURGEOIS,B.A.O.,42,70
26/11/2017,LUX,4625,DIFFERDANGE,PORTUGAIS,FRANCAIS,B.A.O.,5,4
26/11/2017,LUX,4687,DIFFERDANGE,PORTUGAIS,LUXEMBOURGEOIS,B.A.O.,5,4
26/11/2017,LUX,4232,ESCH-SUR-ALZETTE,LUXEMBOURGEOIS,LUXEMBOURGEOIS,B.A.O.,11,10
26/11/2017,LUX,5962,ITZIG,LUXEMBOURGEOIS,LUXEMBOURGEOIS,B.A.O.,25,35
26/11/2017,LUX,3353,LEUDELANGE,LUXEMBOURGEOIS,LUXEMBOURGEOIS,B.A.O.,16,19
26/11/2017,LUX,1393,LUXEmbourg,LITUANIEN,FRANCAIS,B.A.O.,23,26
26/11/2017,FRA,92000,NANTERRE,FRANCAIS,FRANCAIS,B.A.O.,228,360
26/11/2017,LUX,8390,NOSPELT,LUXEMBOURGEOIS,LUXEMBOURGEOIS,B.A.O.,26,36
26/11/2017,FRA,51100,REIMS,FRANCAIS,FRANCAIS,TOURISME ,133,197
27/11/2017,LUX,3945,MONDERCANGE,LUXEMBOURGEOIS,ALLEMAND/FRANCAIS,B.A.O.,12,13
30/11/2017,LUX,7732,COLMAR-BERG,LUXEMBOURGEOIS,LUXEMBOURGEOIS,B.A.O.,41,59
30/11/2017,LUX,4638,DIFFERDANGE,PORTUGAIS,FRANCAIS/LUXEMBOURGEOIS,B.A.O.,5,4
30/11/2017,LUX,3591,DUDELANGE,LUXEMBOURGEOIS,LUXEMBOURGEOIS,B.A.O.,19,23
30/11/2017,LUX,4246,ESCH-SUR-ALZETTE,LUXEMBOURGEOIS,LUXEMBOURGEOIS,B.A.O.,11,10
30/11/2017,LUX,8340,OLM,LUXEMBOURGEOIS,LUXEMBOURGEOIS,FACEBOOK,23,34
30/11/2017,LUX,8399,WINDHOF,LUXEMBOURGEOIS,ALLEMAND/FRANCAIS,B.A.O.,66,87
02/12/2017,LUX,9360,Brandenbourg,LUXEMBOURGEOIS,LUXEMBOURGEOIS,B.A.O.,48,71
02/12/2017,LUX,6212,CONSDORF,ROUMAIN,FRANCAIS,B.A.O.,41,55
02/12/2017,LUX,4561,DIFFERDANGE,LUXEMBOURGEOIS,LUXEMBOURGEOIS,PUB,5,4
02/12/2017,LUX,4622,DIFFERDANGE,LUXEMBOURGEOIS,BELGE,ECOLE,5,4
02/12/2017,LUX,3572,DUDELANGE,LUXEMBOURGEOIS,ANGLAIS,ENTREPRISE,19,23
02/12/2017,LUX,1457,Luxembourg,ROUMAIN,ANGLAIS,INTERNET,23,26
02/12/2017,DEU,66129,PERL,ALLEMAND,FRANCAIS,INTERNET,32,44
02/12/2017,DEU,66129,PERL,ALLEMAND,FRANCAIS,INTERNET,32,44
03/12/2017,LUX,4570,DIFFERDANGE,LUXEMBOURGEOIS,FRANCAIS,PUB,5,4
03/12/2017,LUX,7257,HELMSANGE,ROUMAIN,FRANCAIS,INTERNET,31,41
03/12/2017,FRA,57100,MANOM,FRANCAIS,FRANCAIS,AMIS,36,48
03/12/2017,PRT,473072,N/A,PORTUGAIS,FRANCAIS,B.A.O.,,
04/12/2017,LUX,4025,ESCH-SUR-ALZETTE,LUXEMBOURGEOIS,LUXEMBOURGEOIS,B.A.O.,11,10
14/12/2017,LUX,8008,STRASSEN,LUXEMBOURGEOIS,ANGLAIS/FRANCAIS,INTERNET,19,26
15/12/2017,FRA,57390,AUDUN-LE-TICHE,FRANCAIS,NORVEGIEN,CURIOSITE,18,19
15/12/2017,FRA,57970,BASSE-HAM,FRANCAIS,FRANCAIS,B.A.O.,38,57
15/12/2017,LUX,8239,MAMER,ESNISH,ANGLAIS,B.A.O.,24,19
16/12/2017,LUX,5826,FENTANGE,LUXEMBOURGEOIS,LUXEMBOURGEOIS,ECOLE,23,27
16/12/2017,DEU,66424,HOMBURG,ALLEMAND,ALLEMAND,INTERNET,143,132
16/12/2017,LUX,1749,HOWALD,POLONAIS,FRANCAIS/LUXEMBOURGEOIS,FACEBOOK,21,26
16/12/2017,LUX,1309,LUXEMBOURG,HEBREU,ANGLAIS/FRANCAIS,B.A.O.,23,26
16/12/2017,BEL,1348,LUXEMBOURG,FRANCAIS,FRANCAIS,FACEBOOK,23,26
16/12/2017,LUX,4981,RECKANGE-SUR-MESS,LUXEMBOURGEOIS,LUXEMBOURGEOIS,ECOLE,16,12
17/12/2017,LUX,5671,ALTWIES,LUXEMBOURGEOIS,LUXEMBOURGEOIS,ECOLE,23,32
17/12/2017,LUX,5867,FENTANGE,LUXEMBOURGEOIS,LUXEMBOURGEOIS,INTERNET,23,27
17/12/2017,LUX,8355,GARNICH,LUXEMBOURGEOIS,LUXEMBOURGEOIS,ECOLE,21,14
17/12/2017,LUX,7435,HOLLENFELS,LUXEMBOURGEOIS,LUXEMBOURGEOIS,INTERNET,36,44
17/12/2017,LUX,2146,LUXEMBOURG,POLONAIS/PORTUGAIS,ALLEMAND,INTERNET,23,26
17/12/2017,LUX,2762,LUXEMBOURG,FRANCAIS,FRANCAIS,TOURISME ,23,26
17/12/2017,LUX,1529,LUXEMBOURG,LUXEMBOURGEOIS,LUXEMBOURGEOIS,INTERNET,23,26
17/12/2017,LUX,1311,LUXEMBOURG,FRANCAIS,FRANCAIS/ITALIEN,FACEBOOK,23,26
17/12/2017,LUX,66706,PERL,LUXEMBOURGEOIS,ALLEMAND/LUXEMBOURGEOIS,INTERNET,32,44
17/12/2017,LUX,4853,RODANGE,LUXEMBOURGEOIS,LUXEMBOURGEOIS,INTERNET,13,12
17/12/2017,LUX,5772,WEILER LA TOUR,LUXEMBOURGEOIS,LUXEMBOURGEOIS,FACEBOOK,25,31
18/12/2017,LUX,4955,BASCHARAGE,LUXEMBOURGEOIS,LUXEMBOURGEOIS,ECOLE,10,9
18/12/2017,LUX,8081,BERTRANGE,ANGLAIS,ANGLAIS,B.A.O.,24,20
18/12/2017,LUX,4081,ESCH-SUR-ALZETTE,LUXEMBOURGEOIS,FRANCAIS/LUXEMBOURGEOIS,PUB,11,10
18/12/2017,LUX,6189,GONDERANGE,LUXEMBOURGEOIS,LUXEMBOURGEOIS,PRESSE,30,41
18/12/2017,LUX,1631,LUXEMBOURG,LUXEMBOURGEOIS,LUXEMBOURGEOIS,B.A.O.,23,26
18/12/2017,LUX,3393,ROEDGEN,LUXEMBOURGEOIS,LUXEMBOURGEOIS,B.A.O.,17,14
18/12/2017,LUX,4989,SANEM,LUXEMBOURGEOIS,ALLEMAND/FRANCAIS/LUXEMBOURGEOIS,ECOLE,7,6
18/12/2017,LUX,4993,SANEM,LUXEMBOURGEOIS,LUXEMBOURGEOIS,ECOLE,7,6
19/12/2017,LUX,5430,LENNINGEN,LUXEMBOURGEOIS,ALLEMAND,B.A.O.,35,45
19/12/2017,LUX,8379,KLEINBETTINGEN,LUXEMBOURGEOIS,LUXEMBOURGEOIS,INTERNET,23,17
19/12/2017,LUX,8079,BERTRANGE,ANGLAIS,LUXEMBOURGEOIS,B.A.O.,24,20
19/12/2017,LUX,4240,ESCH-SUR-ALZETTE,LUXEMBOURGEOIS,FRANCAIS,B.A.O.,11,10
19/12/2017,LUX,4053,ESCH-SUR-ALZETTE,ALLEMAND,ALLEMAND ,B.A.O.,11,10
19/12/2017,LUX,8356,GARNICH,LUXEMBOURGEOIS,ALLEMAND/FRANCAIS,ECOLE,21,14
19/12/2017,LUX,1363,HOWALD,POLONAIS,FRANCAIS,INTERNET,21,26
19/12/2017,LUX,6139,JUNGLINSTER,LUXEMBOURGEOIS,FRANCAIS/LUXEMBOURGEOIS,ECOLE,31,43
19/12/2017,LUX,2137,Luxembourg,LUXEMBOURGEOIS/FRANCAIS,FRANCAIS,B.A.O.,23,26
19/12/2017,LUX,4395,PONTPIERRE,LUXEMBOURGEOIS,ALLEMAND/FRANCAIS,ECOLE,12,14
19/12/2017,LUX,4448,SOLEUVRE,LUXEMBOURGEOIS,ALLEMAND/FRANCAIS,B.A.O.,6,4
20/12/2017,LUX,4450,BELVAUX,PORTUGAIS,LUXEMBOURGEOIS,CURIOSITE,8,5
20/12/2017,LUX,4518,DIFFERDANGE,LUXEMBOURGEOIS,LUXEMBOURGEOIS,CULTURE,5,4
20/12/2017,LUX,4692,DIFFERDANGE,LUXEMBOURGEOIS,LUXEMBOURGEOIS,CULTURE,5,4
20/12/2017,LUX,3541,DUDELANGE,LUXEMBOURGEOIS,ALLEMAND/FRANCAIS/LUXEMBOURGEOIS,FACEBOOK,19,23
20/12/2017,LUX,3422,DUDELANGE,LUXEMBOURGEOIS,LUXEMBOURGEOIS,MEDIA,19,23
20/12/2017,LUX,4384,EHLERANGE,LUXEMBOURGEOIS,FRANCAIS,MEDIA,9,7
20/12/2017,LUX,3332,FENNANGE,FRANCAIS,LUXEMBOURGEOIS,INTERNET,17,18
20/12/2017,LUX,8361,GOETZINGEN,FRANCAIS,LUXEMBOURGEOIS,INTERNET,24,34
20/12/2017,LUX,3644,KAYL,LUXEMBOURGEOIS,LUXEMBOURGEOIS,CURIOSITE,14,17
20/12/2017,FRA,57240,KNUTANGE,FRANCAIS,ANGLAIS/ITALIEN,FACEBOOK,33,36
20/12/2017,LUX,8388,KOERICH,LUXEMBOURGEOIS,LUXEMBOURGEOIS,MEDIA,27,21
20/12/2017,LUX,1457,LUXEMBOURG,LUXEMBOURGEOIS,FRANCAIS,FACEBOOK,23,26
20/12/2017,LUX,1469,LUXEMBOURG,LUXEMBOURGEOIS,LUXEMBOURGEOIS,INTERNET,23,26
20/12/2017,LUX,7326,MULLENDORF,ANGLAIS,SLOVAQUE,FACEBOOK,33,36
20/12/2017,LUX,3863,SCHIFFLANGE,FRANCAIS,FRANCAIS/LUXEMBOURGEOIS,INTERNET,13,13
21/12/2017,LUX,4951,BASCHARAGE,LUXEMBOURGEOIS,LUXEMBOURGEOIS,B.A.O.,10,9
21/12/2017,LUX,4482,BELVAUX,LUXEMBOURGEOIS,LUXEMBOURGEOIS,INTERNET,8,5
21/12/2017,LUX,6830,BERBOURG,LUXEMBOURGEOIS/ALLEMAND,LUXEMBOURGEOIS,INTERNET,41,57
21/12/2017,LUX,4613,DIFFERDANGE,ANGLAIS,ANGLAIS,B.A.O.,5,4
21/12/2017,LUX,4670,DIFFERDANGE,LUXEMBOURGEOIS,LUXEMBOURGEOIS,INTERNET,5,4
21/12/2017,LUX,4642,DIFFERDANGE,LUXEMBOURGEOIS,LUXEMBOURGEOIS,INTERNET,5,4
21/12/2017,LUX,3462,DUDELANGE,LUXEMBOURGEOIS,LUXEMBOURGEOIS,INTERNET,19,23
21/12/2017,LUX,3505,DUDELANGE,LUXEMBOURGEOIS,LUXEMBOURGEOIS,INTERNET,19,23
21/12/2017,LUX,3899,FOETZ,LUXEMBOURGEOIS,LUXEMBOURGEOIS,B.A.O.,11,12
21/12/2017,LUX,5427,GREIVELDANGE,ANGLAIS,ANGLAIS,B.A.O.,35,46
21/12/2017,LUX,5886,HESPERANGE,LUXEMBOURGEOIS,LUXEMBOURGEOIS,INTERNET,23,28
21/12/2017,LUX,6112,JUNGLINSTER,LUXEMBOURGEOIS,LUXEMBOURGEOIS,INTERNET,31,43
21/12/2017,LUX,1309,LUXEMBOURG,LUXEMBOURGEOIS,LUXEMBOURGEOIS,B.A.O.,23,26
21/12/2017,LUX,2210,LUXEMBOURG,FRANCAIS,FRANCAIS/LUXEMBOURGEOIS,INTERNET,23,26
21/12/2017,LUX,1146,LUXEMBOURG,FRANCAIS,FRANCAIS,B.A.O.,23,26
21/12/2017,LUX,5776,WEILER LA TOUR,FRANCAIS,FRANCAIS,B.A.O.,25,31
22/12/2017,LUX,7774,BISSEN,LUXEMBOURGEOIS,LUXEMBOURGEOIS,B.A.O.,38,55
22/12/2017,LUX,3466,DUDELANGE,LUXEMBOURGEOIS,LUXEMBOURGEOIS,INTERNET,19,23
22/12/2017,LUX,3515,DUDELANGE,PORTUGAIS,LUXEMBOURGEOIS,INTERNET,19,23
22/12/2017,LUX,4319,ESCH-SUR-ALZETTE,LUXEMBOURGEOIS,LUXEMBOURGEOIS,INTERNET,11,10
22/12/2017,LUX,8279,HOLZEM,LUXEMBOURGEOIS,LUXEMBOURGEOIS,INTERNET,21,16
22/12/2017,LUX,1898,KOCKELSCHEUER,LUXEMBOURGEOIS,LUXEMBOURGEOIS,ECOLE,19,24
22/12/2017,LUX,7662,MEDERNACH,LUXEMBOURGEOIS,LUXEMBOURGEOIS,INTERNET,45,57
22/12/2017,LUX,4734,PETANGE,FRANCAIS,FRANCAIS,CURIOSITE,9,6
22/12/2017,LUX,7238,WALFERDANGE,LUXEMBOURGEOIS,LUXEMBOURGEOIS,INTERNET,28,34
23/12/2017,LUX,6980,RAMELDANGE,LUXEMBOURGEOIS,FRANCAIS,B.A.O.,27,38
23/12/2017,LUX,4985,SANEM,LUXEMBOURGEOIS,ALLEMAND/FRANCAIS,FACEBOOK,7,6
23/12/2017,LUX,5375,SCHUTTRANGE,LUXEMBOURGEOIS,ALLEMAND,PUB,30,42
24/12/2017,LUX,6990,HOSTERT,LUXEMBOURGEOIS,FRANCAIS,INTERNET,28,38
24/12/2017,LUX,8010,STRASSEN,ANGLAIS,ANGLAIS,PRESSE,19,26
27/12/2017,LUX,4925,BASCHARAGE,FRANCAIS,ANGLAIS,FACEBOOK,10,9
27/12/2017,LUX,8077,BERTRANGE,BULGARE,ANGLAIS,ECOLE,24,20
27/12/2017,LUX,5407,BOUS,BULGARE,LUXEMBOURGEOIS,INTERNET,31,40
27/12/2017,LUX,8166,BRIDEL,LUXEMBOURGEOIS,FRANCAIS,ENTREPRISE,23,31
27/12/2017,LUX,7734,COLMAR-BERG,ANGLAIS,FRANCAIS,INTERNET,41,59
27/12/2017,LUX,4521,DIFFERDANGE,LUXEMBOURGEOIS,ALLEMAND,B.A.O.,5,4
27/12/2017,LUX,3541,DUDELANGE,LUXEMBOURGEOIS,FRANCAIS,B.A.O.,19,23
27/12/2017,LUX,3445,DUDELANGE,LUXEMBOURGEOIS,FRANCAIS,ENTREPRISE,19,23
27/12/2017,LUX,4154,ESCH-SUR-ALZETTE,LUXEMBOURGEOIS,FRANCAIS,PUB,11,10
27/12/2017,LUX,6770,GREVENMACHER,ROUMAIN,ANGLAIS,INTERNET,34,53
27/12/2017,LUX,7650,HEFFINGEN,LUXEMBOURGEOIS,ANGLAIS/FRANCAIS/LUXEMBOURGEOIS,ECOLE,39,51
27/12/2017,LUX,5800,HESPERANGE,LUXEMBOURGEOIS,FRANCAIS,MEDIA,23,28
27/12/2017,FRA,54590,HUSSIGNY,FRANCAIS,ALLEMAND/ANGLAIS,INTERNET,15,10
27/12/2017,FRA,54590,HUSSIGNY,FRANCAIS,FRANCAIS,PRESSE,15,10
27/12/2017,LUX,4888,LAMADELAINE,LUXEMBOURGEOIS,ALLEMAND/FRANCAIS,B.A.O.,13,8
27/12/2017,BEL,6761,Latour,FRANCAIS,ANGLAIS,INTERNET,32,33
27/12/2017,LUX,2624,LUXEMBOURG,LUXEMBOURGEOIS,ALLEMAND,B.A.O.,23,26
27/12/2017,LUX,2309,LUXEMBOURG,LUXEMBOURGEOIS,ITALIEN,CULTURE,23,26
27/12/2017,LUX,2518,LUXEMBOURG,HONGROIS,FRANCAIS,INTERNET,23,26
27/12/2017,LUX,2624,LUXEMBOURG,LUXEMBOURGEOIS,ALLEMAND,CULTURE,23,26
27/12/2017,LUX,8241,MAMER,HONGROIS,ALLEMAND/ANGLAIS/FRANCAIS,INTERNET,24,19
27/12/2017,LUX,8291,MEISPELT,ANGLAIS,ANGLAIS,INTERNET,31,40
27/12/2017,LUX,5337,MOUTFORT,ROUMAIN,ANGLAIS,PRESSE,26,37
27/12/2017,ITA,43450,N/A,ITALIEN,ANGLAIS,INTERNET,,
27/12/2017,LUX,3390,PEPPANGE,FRANCAIS,FRANCAIS,PRESSE,21,26
27/12/2017,LUX,4757,PETANGE,PORTUGAIS,ALLEMAND/ANGLAIS/FRANCAIS,B.A.O.,9,6
27/12/2017,BEL,4980,RECKANGE-SUR-MESS,LUXEMBOURGEOIS,ALLEMAND,FACEBOOK,16,12
27/12/2017,LUX,6919,ROODT-SUR-SYRE,ROUMAIN,ANGLAIS,FACEBOOK,32,45
27/12/2017,LUX,9132,SCHIEREN,LUXEMBOURGEOIS,LUXEMBOURGEOIS,FACEBOOK,41,62
27/12/2017,LUX,4483,SOLEUVRE,LUXEMBOURGEOIS,FRANCAIS,CURIOSITE,6,4
27/12/2017,DEU,53842,TROISDORF,RUSSE,ALLEMAND/UKRAINIEN,TOURISME ,150,246
27/12/2017,LUX,7224,WALFERDANGE,LUXEMBOURGEOIS,ALLEMAND,ECOLE,28,34
28/12/2017,FRA,57680,ARRY,LUXEMBOURGEOIS,FRANCAIS,TOURISME ,63,90
28/12/2017,LUX,4925,BASCHARAGE,FRANCAIS,ANGLAIS,INTERNET,10,9
28/12/2017,LUX,9633,BASCHLEIDEN,LUXEMBOURGEOIS,ANGLAIS,MEDIA,56,60
28/12/2017,LUX,8052,BERTRANGE,LUXEMBOURGEOIS,ANGLAIS,ENTREPRISE,24,20
28/12/2017,LUX,3279,BETTEMBOURG,FRANCAIS,ANGLAIS,INTERNET,18,20
28/12/2017,LUX,3282,BETTEMBOURG,FRANCAIS,ITALIEN,INTERNET,18,20
28/12/2017,LUX,6211,CONSDORF,LUXEMBOURGEOIS,FRANCAIS,B.A.O.,41,55
28/12/2017,FRA,60100,CREIL,FRANCAIS,FRANCAIS,AMIS,229,337
28/12/2017,LUX,7421,CRUCHTEN,LUXEMBOURGEOIS,LUXEMBOURGEOIS,ECOLE,41,57
28/12/2017,LUX,4662,DIFFERDANGE,FRANCAIS,ANGLAIS,FACEBOOK,5,4
28/12/2017,LUX,4592,DIFFERDANGE,LUXEMBOURGEOIS,LUXEMBOURGEOIS,CURIOSITE,5,4
28/12/2017,LUX,4522,DIFFERDANGE,PORTUGAIS/LUXEMBOURGEOIS/ITALIEN,LUXEMBOURGEOIS,CURIOSITE,5,4
28/12/2017,FRA,21000,DIJON,FRANCAIS,ANGLAIS,B.A.O.,201,337
28/12/2017,LUX,5488,EHNEN,LUXEMBOURGEOIS,ALLEMAND/FRANCAIS,ENTREPRISE,39,47
28/12/2017,FRA,57290,FAMECK,LUXEMBOURGEOIS,ALLEMAND/FRANCAIS,AMIS,36,52
28/12/2017,LUX,5750,FRISANGE,HONGROIS,LUXEMBOURGEOIS,ECOLE,20,26
28/12/2017,LUX,6783,GREVENMACHER,LUXEMBOURGEOIS,FRANCAIS,FACEBOOK,34,53
28/12/2017,LUX,2425,HOWALD,PORTUGAIS,LUXEMBOURGEOIS,ENTREPRISE,21,26
28/12/2017,LUX,3358,LEUDELANGE,FRANCAIS/ALLEMAND,ANGLAIS,B.A.O.,16,19
28/12/2017,LUX,3360,LEUDELANGE,PORTUGAIS,LUXEMBOURGEOIS,ECOLE,16,19
28/12/2017,LUX,1309,LUXEMBOURG,ALLEMAND,ITALIEN,INTERNET,23,26
28/12/2017,LUX,1741,LUXEMBOURG,PORTUGAIS,FRANCAIS,INTERNET,23,26
28/12/2017,LUX,1254,LUXEMBOURG,LUXEMBOURGEOIS,FRANCAIS,FACEBOOK,23,26
28/12/2017,LUX,2628,LUXEMBOURG,FRANCAIS,ANGLAIS,INTERNET,23,26
28/12/2017,NLD,1221,LUXEMBOURG,LUXEMBOURGEOIS,ALLEMAND,INTERNET,23,26
28/12/2017,LUX,5331,MOUTFORT,LUXEMBOURGEOIS,LUXEMBOURGEOIS,B.A.O.,26,37
28/12/2017,GBR,NE24ZEX,N/A,ANGLAIS,ALLEMAND,INTERNET,,
28/12/2017,DEU,54453,NITTEL,ALLEMAND,ANGLAIS,INTERNET,39,58
28/12/2017,LUX,4818,RODANGE,NEERLANDAIS,JAPONAIS,INTERNET,13,12
28/12/2017,LUX,3853,SCHIFFLANGE,FRANCAIS,ANGLAIS,MEDIA,13,13
28/12/2017,LUX,3871,SCHIFFLANGE,FRANCAIS,LUXEMBOURGEOIS,ECOLE,13,13
28/12/2017,LUX,3811,SCHIFFLANGE,LITUANIEN,FRANCAIS,FACEBOOK,13,13
28/12/2017,LUX,4997,SCHOUWEILER,LUXEMBOURGEOIS,FRANCAIS,INTERNET,15,11
28/12/2017,LUX,5480,WORMELDANGE,PORTUGAIS,LUXEMBOURGEOIS,ECOLE,37,54
29/12/2017,LUX,5720,ASPELT,LUXEMBOURGEOIS/FRANCAIS,ALLEMAND,MEDIA,23,31
29/12/2017,DEU,54450,AVRICOURT,RUSSE,ALLEMAND,INTERNET,101,151
29/12/2017,LUX,6231,BECH-KLEINMACHER,ALLEMAND,FRANCAIS,B.A.O.,31,40
29/12/2017,LUX,6830,BERBOURG,LUXEMBOURGEOIS,ALLEMAND,MEDIA,41,57
29/12/2017,DEU,10555,BERLIN,RUSSE,ANGLAIS,B.A.O.,,
29/12/2017,LUX,8094,BERTRANGE,NEERLANDAIS,FRANCAIS,FACEBOOK,24,20
29/12/2017,LUX,4970,BETTANGE-SUR-MESS,LUXEMBOURGEOIS,ALLEMAND/FRANCAIS,INTERNET,17,14
29/12/2017,LUX,8812,BIGONVILLE,LUXEMBOURGEOIS,ALLEMAND/FRANCAIS,MEDIA,46,49
29/12/2017,LUX,3323,BIVANGE,FRANCAIS,LUXEMBOURGEOIS,INTERNET,21,26
29/12/2017,BEL,1090,BRUXELLES,NEERLANDAIS,FRANCAIS,INTERNET,124,218
29/12/2017,LUX,5682,DALHEIM,ANGLAIS,LUXEMBOURGEOIS,FACEBOOK,17,16
29/12/2017,LUX,4973,DIPPACH,LUXEMBOURGEOIS,FRANCAIS,B.A.O.,16,14
29/12/2017,LUX,3583,DUDELANGE,LUXEMBOURGEOIS,ANGLAIS,ECOLE,19,23
29/12/2017,LUX,3466,DUDELANGE,ESPAGNOL,LUXEMBOURGEOIS,INTERNET,19,23
29/12/2017,LUX,3467,DUDELANGE,LUXEMBOURGEOIS,FRANCAIS,B.A.O.,19,23
29/12/2017,LUX,8363,GREISCH,ALLEMAND,FRANCAIS,PUB,34,27
29/12/2017,LUX,5762,HASSEL,ANGLAIS,LUXEMBOURGEOIS,B.A.O.,27,32
29/12/2017,FRA,57970,ILLANGE,FRANCAIS,ANGLAIS,FACEBOOK,31,47
29/12/2017,LUX,8293,Keispelt,NEERLANDAIS,ALLEMAND,INTERNET,31,40
29/12/2017,LUX,4887,LAMADELAINE,LUXEMBOURGEOIS,FRANCAIS,B.A.O.,13,8
29/12/2017,LUX,3350,LEUDELANGE,LUXEMBOURGEOIS,ALLEMAND,B.A.O.,16,19
29/12/2017,LUX,3347,LEUDELANGE,LUXEMBOURGEOIS,ALLEMAND,INTERNET,16,19
29/12/2017,LUX,3354,LEUDELANGE,LUXEMBOURGEOIS,ALLEMAND,ECOLE,16,19
29/12/2017,LUX,1541,LUXEMBOURG,LUXEMBOURGEOIS/FRANCAIS,ANGLAIS,FACEBOOK,23,26
29/12/2017,LUX,2142,LUXEMBOURG,LUXEMBOURGEOIS,FRANCAIS,FACEBOOK,23,26
29/12/2017,LUX,1326,LUXEMBOURG,ANGLAIS,FRANCAIS,INTERNET,23,26
29/12/2017,LUX,1265,LUXEMBOURG,ANGLAIS,FRANCAIS,FACEBOOK,23,26
29/12/2017,LUX,1730,LUXEMBOURG,ANGLAIS,SLOVAQUE,B.A.O.,23,26
29/12/2017,LUX,1115,LUXEMBOURG,ANGLAIS,NEERLANDAIS,PUB,23,26
29/12/2017,LUX,1242,LUXEMBOURG,ANGLAIS,FRANCAIS/ROUMAIN,B.A.O.,23,26
29/12/2017,LUX,1880,LUXEMBOURG,FRANCAIS,ANGLAIS,B.A.O.,23,26
29/12/2017,LUX,1895,LUXEMBOURG,LUXEMBOURGEOIS,ALLEMAND,B.A.O.,23,26
29/12/2017,LUX,1371,LUXEMBOURG,ANGLAIS,ANGLAIS,MEDIA,23,26
29/12/2017,GBR,M242JE,N/A,ANGLAIS,ALLEMAND,TOURISME ,,
29/12/2017,LUX,8913,N/A,LUXEMBOURGEOIS,ITALIEN,INTERNET,,
29/12/2017,BEL,7000,N/A,FRANCAIS,NEERLANDAIS,INTERNET,,
29/12/2017,LUX,4781,PETANGE,HONGROIS,ANGLAIS,CURIOSITE,9,6
29/12/2017,LUX,4991,SANEM,LUXEMBOURGEOIS,ANGLAIS,B.A.O.,7,6
29/12/2017,LUX,9131,SCHIEREN,ALLEMAND,ANGLAIS,INTERNET,41,62
29/12/2017,LUX,3836,SCHIFFLANGE,LUXEMBOURGEOIS,ALLEMAND,CULTURE,13,13
29/12/2017,LUX,8561,SCHWEBACH,LUXEMBOURGEOIS,ANGLAIS,PRESSE,40,50
29/12/2017,LUX,4475,SOLEUVRE,LUXEMBOURGEOIS,FRANCAIS,INTERNET,6,4
29/12/2017,LUX,7307,STEINSEL,LUXEMBOURGEOIS,FRANCAIS,B.A.O.,30,36
30/12/2017,LUX,8086,BERTRANGE,ESPAGNOL,FRANCAIS,INTERNET,24,20
30/12/2017,LUX,8064,BERTRANGE,FRANCAIS,FRANCAIS,B.A.O.,24,20
30/12/2017,FRA,57570,CATTENOM,FRANCAIS,FRANCAIS,FACEBOOK,34,40
30/12/2017,LUX,4577,DIFFERDANGE,LUXEMBOURGEOIS,LUXEMBOURGEOIS,CURIOSITE,5,4
30/12/2017,LUX,4599,DIFFERDANGE,PORTUGAIS,FRANCAIS/LUXEMBOURGEOIS,CURIOSITE,5,4
30/12/2017,LUX,4351,ESCH-SUR-ALZETTE,FRANCAIS,FRANCAIS,B.A.O.,11,10
30/12/2017,LUX,8364,HAGEN,FRANCAIS,FRANCAIS,B.A.O.,25,19
30/12/2017,LUX,9964,HULDANGE,LUXEMBOURGEOIS,FRANCAIS,MEDIA,77,104
30/12/2017,LUX,8379,KLEINBETTINGEN,POLONAIS,FRANCAIS,PUB,23,17
30/12/2017,FRA,69005,LYON,FRANCAIS,FRANCAIS,FACEBOOK,300,528
30/12/2017,FRA,57100,MANOM,FRANCAIS,FRANCAIS,INTERNET,36,48
30/12/2017,LUX,5374,MUNSBACH,FRANCAIS,ANGLAIS,FACEBOOK,26,40
30/12/2017,LUX,5772,WEILER LA TOUR,ANGLAIS,ANGLAIS,B.A.O.,25,31
31/12/2017,LUX,5402,ASSEL,LUXEMBOURGEOIS,LUXEMBOURGEOIS,INTERNET,32,41
31/12/2017,LUX,8077,BERTRANGE,FRANCAIS,ANGLAIS,PRESSE,24,20
31/12/2017,LUX,4687,DIFFERDANGE,LUXEMBOURGEOIS,LUXEMBOURGEOIS,CURIOSITE,5,4
31/12/2017,LUX,3961,EHLANGE,LUXEMBOURGEOIS,ANGLAIS,INTERNET,15,12
31/12/2017,LUX,2431,LUXEMBOURG,LUXEMBOURGEOIS,LUXEMBOURGEOIS,INTERNET,23,26
31/12/2017,LUX,1210,LUXEMBOURG,LUXEMBOURGEOIS,LUXEMBOURGEOIS,B.A.O.,23,26
31/12/2017,LUX,4418,SOLEUVRE,LUXEMBOURGEOIS,LUXEMBOURGEOIS,INTERNET,6,4
31/12/2017,LUX,4420,SOLEUVRE,LUXEMBOURGEOIS,LUXEMBOURGEOIS,B.A.O.,6,4
31/12/2017,FRA,59200,TOURCOING,FRANCAIS,ALLEMAND/FRANCAIS,INTERNET,185,310
,,,,,,,,
,,,,,,,,
,,,,,,,,
,,,,,,,,
,,,,,,,,
,,,,,,,,
,,,,,,,,
,,,,,,,,
,,,,,,,,
,,,,,,,,
,,,,,,,,
,,,,,,,,
,,,,,,,,
,,,,,,,,
,,,,,,,,
,,,,,,,,
,,,,,,,,
,,,,,,,,
,,,,,,,,
,"
",,,,,,,
