DATE;PAYS;"CODE 
POSTAL";LOCALITE;"LANGUE 
MATERNELLE";"LANGUE 
VEHICULAIRE";"COMMENT 
NOUS AVEZ-VOUS DECOUVERT?";MIN;KM
02/01/2019;LU;3327;CRAUTHEM;LUX;LUX;2ŠME Visite;22;26
02/01/2019;LU;8214;MAMER;HOLLONDAIS;LUX;Neutre ELLE NE SE RAPPELLE PLUS?????;25;18
02/01/2019;LU;5886;ALZINGEN;FR;ANG;GOOGLE;25;28
02/01/2019;LU;3872;SCHIFFLANGE;LUX;LUX;B.A.O. AMIS;14;13
02/01/2019;FR;57570;CATTENOM;FR;FR;GOOGLE;34;40
02/01/2019;LU;2117;LUXEMBOURG;FR;FR;FB;21;24,5
02/01/2019;FR;57445;SARRBURG;FR;FR;FB;112;191
02/01/2019;LU;6166;ERNSTER;LUX;LUX;ANNIVERSAIRE AU LSC;31;41
02/01/2019;LU;8365;HAGEN;LUX;LUX;B.A.O;25;18
02/01/2019;LU;9370;DIEKIRCH;LUX;LUX;FB;48;69
02/01/2019;LU;5451;STADTBREDIMUS;LUX;LUX;B.A.O. AMIS;35;43
02/01/2019;LU;8540;OSPERN;HOLLONDAIS;LUX ;RADIO RTL ;46;36
02/01/2019;LU;1309;LUXEMBOURG;SLOVAQUE;DE;3 Ôme Visite ;21;24,5
02/01/2019;BE;6730;TINTIGNY;FR;FR;B.A.O. AMIS;21;24,5
02/01/2019;LU;6835;BOUDLER;LUX;LUX;B.A.O;43;54
02/01/2019;LU;7248;WALFERDANGE;FR ;FR ;B.A.O;32;34
02/01/2019;BE;6700;ARLON;FR;ANG;FB;35;25
02/01/2019;FR;57180;TERVILLE;FR;ANG;B.A.O;33;39
02/01/2019;DE;76275;ETTLINGEN;DE;ANG;GOOGLE;153;246
02/01/2019;DE;47143;DORTMUND;DE;DE;Google QUOI FAIRE AVEC LES ENFANTS AU Luxembourg;202;321
02/01/2019;FR;57100;THIONVILLE;FR;FR;B.A.O. FAMILLE;40;45
02/01/2019;BE;9308;AALST;ANG;ANG;FB;;
02/01/2019;LU;5690;EHLANGE-SUR-MESS;LUX;LUX;FB;10;7,1
02/01/2019;BE;6740;ETALLE;FR;FR;B.A.O. FAMILLE;39;39
02/01/2019;LU;6251;SCHEIDGEN;LUX;LUX;Presse RADIO RTL;44;56
02/01/2019;BE;6700;ARLON;FR;FR;B.A.O. AMIS;35;25
02/01/2019;LU;1420;LUXEMBOURG;ANG;FR;GOOGLE;21;24,5
02/01/2019;LU;2324;BIVANGE;LUX;LUX;ECOLE;22;26
02/01/2019;LU;9168;MERTZIG;LUX;LUX;ECOLE;50;66
02/01/2019;LU;4564;DIFFERDANGE;LUX;FR;B.A.O. FAMILLE;0;0
02/01/2019;BE;1320;BRUXELLES;FR;FR;B.A.O. AMIS;143;208
02/01/2019;LU;3385;NOERTZANGE;LUX;LUX;GOOGLE;16;17
02/01/2019;LU;7554;MERSCH;LUX;LUX;B.A.O;39;49
02/01/2019;BE;6769;VIRTON;FR;ANG;GOOGLE;46;33
02/01/2019;LU;3414;DUDELANGE;LUX;LUX;B.A.O;23;20
02/01/2019;FR;54520;LEVEILLE;FR;FR;FB;168;255
02/01/2019;BE;6781;MESSANCY;FR;FR;GOOGLE;22;13
02/01/2019;FR;88230;FRAIZE;FR;FR;B.A.O;148;219
02/01/2019;FR;57380;FAULQUEMONT;FR;FR;Presse REPORTE M6;77;100
02/01/2019;LU;8248;MAMER;LUX;LUX;Neutre ELLE NE SE RAPPELLE PLUS?????;28;18
02/01/2019;LU;4058;ESCH SUR ALZETTE ;LUX;LUX;2ŠME VISITE ;17;10
02/01/2019;FR;51500;SACY;FR;FR;TRIP ADVISOR;133;200
03/01/2019;LU;7307;STEINSEL;DE;LUX;FB;30;35
03/01/2019;LU;9189;VICHTEN;LUX;LUX;2ŠME VISITE;45;61
03/01/2019;BE;6700;ARLON;FR;FR;B.A.O;34;26
03/01/2019;LU;5340;MOUTFORT;LUX;LUX;ECOLE;30;37
03/01/2019;LU;6142;JUNGLINSTER;LUX;LUX;B.A.O. FAMILLE;34;44
03/01/2019;DE;66706;PERL;LUX;LUX;B.A.O. FAMILLE;33;43
03/01/2019;LU;9662;KAUNDORF;LUX;LUX;CREOS;62;68
03/01/2019;LU;4677;DIFFERDANGE;FR;LUX;AUCHAN;0;0
03/01/2019;DE;66706;PERL;DE;FR;FNR;33;43
03/01/2019;LU;6962;SENNINGEN;NL;DE;B.A.O. AMIS;30;39
03/01/2019;FR;57330;KANFEN;ESP;FR;2ŠME Visite ;23;28
03/01/2019;LU;8073;BERTRANGE;ESP;FR;Presse JOURNAL;25;26
03/01/2019;LU;8023;STRASSEN;FR;ANG;B.A.O;24;26
03/01/2019;DE;54347;NEUHAGEN;DE;ANG;B.A.O;25;25
03/01/2019;LU;7270;HELMSANGE;ANG;FR;GOOGLE;31;35
03/01/2019;LU;1534;LUXEMBOURG;LUX;LUX;Neutre NE SE RAPPELLE PAS ;21;24,5
03/01/2019;LU;6562;ECHTERNACH;LUX;FR;Luxembourg FOR TOURISME;49;61
03/01/2019;LU;2325;LUXEMBOURG;SUEDOIS;FR;GOOGLE;21;24,5
03/01/2019;LU;6587;STEINHEIM;LUX;LUX;ECOLE;53;66
03/01/2019;LU;8508;REDANGE;LUX;LUX;ECOLE;43;34
03/01/2019;LU;5312;CONTERN;LUX;LUX;B.A.O;29;36
03/01/2019;LU;1526;LUXEMBOURG;IT;FR;B.A.O. FAMILLE;21;24,5
03/01/2019;LU;5756;FRISANGE;LUX;LUX;GOOGLE;21;27
03/01/2019;LU;8295;KEISPELT;LUX;LUX;ECOLE;34;37
03/01/2019;LU;3483;DUDELANGE;IT;LUX;VISIT LUXEMBOURG;22;20
03/01/2019;LU;5716;ASPELT;LUX;LUX;B.A.O;24;32
03/01/2019;LU;8070;BERTRANGE;FR;FR;LUXINOVATION;25;26
03/01/2019;LU;4640;OBERKORN;LUX;LUX;FB;4;1,2
03/01/2019;LU;5359;SCHUTTRANGE;LUX;LUX;5 Š ME Visite ;33;42
03/01/2019;LU;4570;NIEDERKORN;LUX;LUX;GOOGLE;6;2
03/01/2019;FR;57530;ZOUFTGEN;FR;ANG;VILLE DE DIFFERDANGE;22;25
03/01/2019;LU;7597;RECKANGE SUR MERSCH;LUX;LUX;ECOLE;17;17
03/01/2019;LU;4946;BASCHARAGE;LUX;LUX;3ŠME VISITE ;12;6,1
03/01/2019;LU;4368;BELVAUX;FR;FR;OPKORN;9;4,5
03/01/2019;LU;2351;LUXEMBOURG;LUX;LUX;B.A.O. AMIS;21;24,5
04/01/2019;LU;9232;DIEKIRCH;IT;LUX;B.A.O. AMIS;47;69
04/01/2019;LU;4480;SOLEUVRE;LUX;LUX;ECOLE;6;3,4
04/01/2019;LU;8041;STRASSEN;LUX;LUX;ECOLE;23;26
04/01/2019;LU;9465;WALSDORF;LUX;LUX;Neutre NE SE RAPPELLE PAS ;60;78
04/01/2019;LU;1845;LUXEMBOURG;FR;FR;ECOLE;21;24,5
04/01/2019;LU;7463;PETTINGEN;LUX;LUX;GOOGLE;38;54
04/01/2019;LU;2443;LUXEMBOURG;ANG;FR ;GOOGLE;21;24,5
04/01/2019;LU;8614;REIMBERG;LUX;LUX;GOOGLE ;50;40
04/01/2019;LU;9128;SCHIEREN;LUX;LUX;Presse TELEVISION RTL;41;61
04/01/2019;DE;764777;ELCHESHEIM;DE;DE;GOOGLE;160;264
04/01/2019;LU;3395;ROESER;NL ;DE;Presse RADIO RTL;22;26
04/01/2019;LU;8043;STRASSEN;FR;FR;GOOGLE ;23;26
04/01/2019;LU;1145;LUXEMBOURG;LUX;LUX;Presse RADIO RTL;21;24,5
04/01/2019;LU;3421;DUDELANGE;LUX;LUX;ECOLE;21;20
04/01/2019;LU;3357;DUDELANGE;LUX;LUX;B.A.O;21;20
04/01/2019;LU;4580;DIFFERDANGE;LUX;LUX;B.A.O;6;2,4
04/01/2019;LU;2316;LUXEMBOURG;SERB;LUX;PASSAGE;21;24,5
04/01/2019;LU;6139;JUNGLINSTER;LUX;LUX;B.A.O;34;44
04/01/2019;LU;8124;BRIDEL;LUX;LUX;LSC;25;31
04/01/2019;DE;54450;FREUDENBURG;LUX;LUX;Presse RADIO RTL;42;59
04/01/2019;LU;4570;NIEDERKORN;LUX;LUX;B.A.O;6;2
04/01/2019;LU;8274;KEHLEN;LUX;LUX;ECOLE;28;36
04/01/2019;LU;4531;DIFFERDANGE;BOSNIEN;LUX;VILLE DE DIFFERDANGE;2;0,9
04/01/2019;LU;57100;THIONVILLE;FR;FR;Presse REPUBLICAIN LORRAINE;34;41
04/01/2019;LU;1357;LUXEMBOURG;LUX;LUX;FB;21;24,5
04/01/2019;LU;4349;ESCH SUR ALZETTE ;LUX;LUX;ECOLE;16;10
04/01/2019;FR;57390;AUDUN-LE-TICHE;FR;FR;B.A.O. AMIS;18;11
04/01/2019;LU;3921;MONDERCANGE;LUX;LUX;UNI ;13;9,3
05/01/2019;FR;33800;BORDEAUX;VIETNAMIEN;FR;VISIT LUXEMBOURG;;
05/01/2019;LU;6195;IMBRINGEN;ANG;FR;ECOLE;33;43,4
05/01/2019;LU;6700;ARLON;FR;FR;UNI.LU;31;26,3
05/01/2019;FR;57970;OUDRENNE;FR;ANG;VISIT LUXEMBOURG;46;57,9
05/01/2019;FR;67770;SESSENHEIM;FR;DE;GOOGLE - NOTRE SITE;137;242
05/01/2019;NL;6551;WEURT;NL ;FR;GOOGLE - WHAT TO DO IN Luxembourg;216;330
05/01/2019;LU;6793;GREVENMACHER;NL;ANG;B.A.O.;36;53,7
05/01/2019;FR;57290;FAMECK;FR;FR;Presse REPUBLICAIN LORRAIN;36;40,1
05/01/2019;FR;57280;HAUCONCOURT;FR;ANG;FB;39;57,5
05/01/2019;LU;7662;MEDERNACH;LUX;FR;ECOLE;47;56,7
05/01/2019;FR;57100;THIONVILLE;FR;FR;2EME VISITE;36;40,7
05/01/2019;BE;6700;ARLON;FR;ANG ;VISIT LUXEMBOURG;31;26,3
05/01/2019;LU;1244;LUXEMBOURG;LUX;DE;2EME VISITE;25;28
05/01/2019;LU;5832;FENTANGE;ANG;FR;VISIT LUXEMBOURG;22;27,3
05/01/2019;LU;4544;DIFFERDANGE;LUX;FR;HABITANT;4;1,6
05/01/2019;LU;8392;NOSPELT;LUX;CROATE;Presse RTL LUX;28;36
05/01/2019;DE;54441;WAWERN;FR;DE;B.A.O.;49;65,7
05/01/2019;LU;4481;SANEM;LUX;FR;Presse RTL LUX;10;5,4
05/01/2019;LU;1349;LUXEMBOURG;FR;LUX;B.A.O.;21;26,2
05/01/2019;LU;7423;DONDELANGE;PERSAN;ANG;ECOLE;33;28,1
05/01/2019;LU;8086;BERTRANGE;FR;ANG;B.A.O.;26;20,2
05/01/2019;LU;8028;STRASSEN;LUX;DE;2EME VISITE;24;26,6
05/01/2019;LU;5445;SCHENGEN;LUX;DE;B.A.O.;31;43
05/01/2019;LU;4970;BETTANGE-SUR-MESS;LUX;FR;2EME VISITE;15;12,4
05/01/2019;LU;5712;ASPELT;LUX;FR;PUB (SAIS PLUS);22;31,7
05/01/2019;BE;6750;MUSSON;FR;ANG;TOUR DE Luxembourg;30;23,6
05/01/2019;LU;2164;LUXEMBOURG;LUX;ANG;Presse WORT;24;28,7
05/01/2019;FR;54730;GORCY;FR;ANG;B.A.O.;35;27,2
05/01/2019;FR;57970;STUCKANGE;FR;ANG;Presse REPUBLICAIN LORRAIN;46;57,9
05/01/2019;LU;8009;STRASSEN;ESP;LUX;3EME VISITE;20;25,4
06/01/2019;AT;1020;WIEN;SLOVAQUE;DE;VISIT LUXEMBOURG;;
06/01/2019;LU;4988;SANEM;FR;ANG;PASSAGE;8;4,6
06/01/2019;FR;57100;THIONVILLE;FR;ANG;VISIT LUXEMBOURG;34;40,7
06/01/2019;LU;5740;FILSDORF;LUX;FR;VISIT LUXEMBOURG;24;33,8
06/01/2019;FR;57270;UCKANGE;FR;ANG;ECOLE;37;51,7
06/01/2019;FR;57330;VOLMERANGE;FR;ANG;B.A.O.;23;28,8
06/01/2019;DE;54290;TRIER;DE;RUSSE;GOOGLE - SCIENCE MUSEUM NEAR TRIER;49;73,9
06/01/2019;DE;54675;UTSCHEID;DE;LUX;PASSAGE (TRAVAILLE A COTE);63;74,2
06/01/2019;BE;6760;VIRTON;FR;ANG;B.A.O.;37;33,7
06/01/2019;LU;5570;REMICH;LUX;ANG;ECOLE;30;40,2
06/01/2019;LU;8022;STRASSEN;IT;FR;FB;20;26,2
06/01/2019;LU;2138;LUXEMBOURG;FR;AG;B.A.O.;22;27
06/01/2019;LU;6120;JUNGLINSTER;LUX;DE;2EME VISITE;33;43,9
06/01/2019;LU;3830;SCHIFFLANGE;LUX;FR;B.A.O.;14;13,1
06/01/2019;LU;4940;KAERJENG;LUX;FR;FB;12;7
06/01/2019;LU;2342;LUXEMBOURG;LUX;ANG;2EME VISITE;18;24,3
06/01/2019;LU;7733;COLMAR-BERG;PT;ANG;B.AO.;38;58,1
06/01/2019;LU;4081;ESCH-SUR-ALZETTE ;LUX ;FR;B.AO.;15;9,4
06/01/2019;LU;4797;LINGER;LUX ;FR;ECOLE;9;6,5
06/01/2019;LU;4059;ESCH-SUR-ALZETTE ;LUX;FR;PUB (SAIS PLUS);13;10,9
06/01/2019;LU;5466;WALDBREDIMUS;FR;LUX;INTERNET (SAIS PLUS);31;39
06/01/2019;FR;57970;STUCKANGE;FR;ANG;REPUBLICAIN LORRAIN;44;57,9
06/01/2019;LU;1549;LUXEMBOURG;UKRAINIEN;ANG;2EME VISITE;23;26,3
06/01/2019;LU;4711;PETANGE;LUX;FR;ENSEIGNANTE;9;7
06/01/2019;LU;3332;FENNANGE;PT;FR;3EME VISITE;17;18,5
06/01/2019;LU;2353;LUXEMBOURG;LUX;FR;FB;19;22,6
07/01/2019;LU;7329;HEISDORG;LUX;FR;RADIO (SAIS PLUS);34;36,1
07/01/2019;LU;8009;STRASSEN;ALBANAIS;FR;2EME VISITE;20;25,4
08/01/2019;BE;6750;MUSSON;FR ; FR;B.A.O;28;22
08/01/2019;LU;8009;STRASSEN;LUX;LUX;MR FOYER DE JOUR VILLA  NIADOMO ;25;26
10/01/2019;LU;8096;BERTRANGE;RUSSE;ANG;5EME VISITE;23;19,3
10/01/2019;LU;5429;HETTERMILLEN;FR;LUX;B.A.O.;39;47,8
11/01/2019;LU;1522;LUXEMBOURG;LUX;FR;B.A.O.;23;26,4
11/01/2019;LU;1948;LUXEMBOURG;RUSSE;ANG;INTERNET (SAIS PLUS);20;24,2
11/01/2019;FR;3280;BETTEMBOURG;FR;LUX;MONSIEUR QUI VIENT PRESQUE TOUTS LES VENDREDIS;23;24,3
12/01/2019;LU;8707;USELDANGE;LUX;LUX;VISIT LUXEMBOURG;40;35
12/01/2019;LU;1250;LUXEMBOURG;ANG;ANG;2ŠME VISITE;19;22,6
12/01/2019;LU;4407;BELVAUX;LUX;LUX;GOOGLE;8;4,7
12/01/2019;LU;5442;ROEDT;FR;FR;GOOGLE;30;40
12/01/2019;LU;57970;YUTZ;FR;FR ;Presse JOURNAL ESSENTIEL;33;44
12/01/2019;LU;1420;LUXEMBOURG;POLONAIS;ANG;GOOGLE;19;22,6
12/01/2019;LU;3762;TETANGE;LUX;LUX;ECOLE;19;18
12/01/2019;LU;8242;MAMER;LUX;LUX;CONNAISSANCE SARAH ;24;18
12/01/2019;FR;57100;THIONVILLE;FR; FR; B.A.O;30;41
12/01/2019;BE;6740;ETALLE;DE;FR;PRESSE;36;42
12/01/2019;LU;5866;HESPERANGE;RUSSE;ANG;B.A.O;24;26
12/01/2019;BE;6700;ARLON;FR;FR;B.A.O;33;25
12/01/2019;LU;7433;MERSCH;PT;FR;ECOLE;36;43
12/01/2019;LU;4630;DIFFERDANGE;LUX;LUX;VILLE DE DIFFERDANGE;0;0
12/01/2019;LU;4319;ESCH-SUR-ALZETTE ;LUX;LUX;B.A.O. AMIS;15;11
12/01/2019;LU;4220;ESCH-SUR-ALZETTE ;LUX;LUX;GOOGLE;15;11
12/01/2019;LU;7335;ESCHDORF;LUX;LUX;B.A.O. AMIS;56;49
12/01/2019;LU;4482;SOLEUVRE;LUX;LUX;PASSAGE;6;3,4
12/01/2019;LU;3591;DUDELANGE;LUX;LUX;GOOGLE;20;20
12/01/2019;LU;4591;DIFFERDANGE;LUX;LUX;GOOGLE;0;0
12/01/2019;LU;4408;BELVAUX;LUX;LUX;Presse TELEVISION RTL;8;4,5
12/01/2019;LU;4408;BELVAUX;LUX;LUX;B.A.O. AMIS;8;4,5
12/01/2019;LU;5222;SANDWEILER;LUX;LUX;B.A.O;23;33
12/01/2019;BE;6790;AUBANGE;LUX;FR;2ŠME Viste;19;12
12/01/2019;LU;2448;LUXEMBOURG;FR;FR;3 Ôme Visite ;19;22,6
12/01/2019;LU;2448;LUXEMBOURG;ANG;FR;B.A.O. AMIS;19;22,6
13/01/2019;LU;4677;DIFFERDANGE;FR;FR;ECOLE;0;0
13/01/2019;LU;1225;LUXEMBOURG;FR;FR;GOOGLE;19;22,6
13/01/2019;LU;9184;SCHRONDWEILER;HEBREISCH;LUX;GOOGLE;41;60
13/01/2019;LU;5959;ITZIG;LUX;LUX;ECOLE;25;28
13/01/2019;LU;5364;SCHRASSIG;FR;FR;OFFICE DU TOURISME Luxembourg ;27;38
13/01/2019;LU;7350;LORENTZWEILER;POLONAIS;FR;GOOGLE;29;44
13/01/2019;LU;3336;HELLANGE;LUX;LUX;FB;17;23
13/01/2019;FR;57330;HETTANGE-GRANDE;FR;FR;2ŠME Visite;24;31
13/01/2019;LU;7220;WALFERDANGE;ANG;FR;Presse RADIO;26;34
13/01/2019;LU;7319;STEINSEL;LUX;LUX;Neutre NE SE RAPPELLE PAS ;28;35
13/01/2019;LU;4489;BELVAUX;LUX;LUX;GOOGLE;8;4,5
13/01/2019;DE;66787;SAARBRUCKEN;DE;DE;Google QUOI FAIRE AVEC LES ENFANTS AU Luxembourg;65;106
13/01/2019;LU;5410;BEYREN;LUX;LUX;Neutre NE SE RAPPELLE PAS;31;46
13/01/2019;LU;5323;CONTERN;LUX;LUX;NE SE RAPPELLE PAS ;25;36
13/01/2019;LU;5418;WORMELDANGE;DE;DE;GOOGLE;36;55
13/01/2019;FR;54560;AUDUN-LE-ROMAN;FR;FR;REPUBLICAIN LORRAIN;23;23
13/01/2019;LU;3935;MONDERCANGE;FR;FR;B.A.O;12;9,3
13/01/2019;LU;3428;DUDELANGE;LUX;LUX;2ŠME VISITE;18;20
13/01/2019;LU;6170;GODBRANGE;LUX;LUX;B.A.O;34;47
13/01/2019;LU;5374;MUNSBACH;DE;LUX;QUOI FAIRE AVEC LES ENFANTS AU Luxembourg;26;40
13/01/2019;LU;4696;LASAUVAGE;LUX;LUX;FAMILLE;9;6,3
13/01/2019;LU;5782;BISSEN;FR;FR;FLYER LSC;36;55
13/01/2019;LU;3333;EHLANGE;FR;FR;3ŠME VISITE ;14;16
13/01/2019;LU;4994;SPRINKANGE;LUX;LUX;B.A.O. + CONNAISSAIS LE LEIERBUD;15;11
13/01/2019;LU;5405;DIFFERDANGE;LUX;LUX;AMIS;0;0
13/01/2019;LU;4672;DIFFERDANGE;LUX;LUX;AMIS;0;0
13/01/2019;LU;4951;BASCHARAGE;LUX;LUX;B.A.O;10;6,1
13/01/2019;FR;54710;NANCY;FR;FR;FAMILLE;82;122
13/01/2019;LU;6161;BOURGLINSTER;LUX;LUX;FAMILLE;31;44
13/01/2019;LU;4487;BELVAUX;LUX;LUX;B.A.O;8;4,7
13/01/2019;BE;1300;LIMAL;FR;FR;B.A.O;108;187
13/01/2019;LU;8110;STRASSEN;IT;FR;B.A.O;20;26
13/01/2019;FR;54440;HERSERANGE;FR;FR;2ŠME VISITE ;17;13
13/01/2019;LU;1250;LUXEMBOURG;ANG;ANG;3ŠME VISITE ;19;22,6
13/01/2019;BE;6791;ATHUS;HONGROIS;FR;3ŠME VISITE ;12;9,5
13/01/2019;LU;5978;ITZIG;LUX;LUX;ECOLE;25;28
13/01/2019;FR;57570;GAVISSE;FR;FR;FLYER LSC;32;42
13/01/2019;LU;6630;WASSERBILLIG;LUX;LUX;A TRAVAILLER AVANT CHE ARCELOR MITTALE;38;59
13/01/2019;LU;4916;BASCHARAGE;FR;FR;ECOLE MONTESSORI ;10;6,1
14/01/2019;LU;8293;KEISPELT;NL;FR ;2 Ôme Visite ;32;37
14/01/2019;LU;7332;HEISDORF;LUX;LUX;B.A.O;41;36
15/01/2019;LU;1543;LUXEMBOURG;LUX;LUX;RTL LUX;19;22,6
15/01/2019;DE;54310;ROLINGEN;LUX;LUX;GOOGLE;43;47
15/01/2019;LU;4323;ESCH SUR ALZETTE ;RUSSE;FR;QUOI FAIRE AVEC LES ENFANTS AU Luxembourg ;15;11
15/01/2019;LU;4480;BELVAUX;LUX;LUX;2ŠME VISITE ;8;4,7
15/01/2019;LU;1941;LUXEMBOURG;ESP;FR;AMIS;19;22,6
17/01/2019;LU;4620;DIFFERDANGE;FR;FR;TRAVAILLE EN FACE ;0;0
17/01/2019;LU;4531;OBERKORN;FR;FR;FLYER LSC;4;1,3
17/01/2019;LU;5421;ERPELDANGE;ROUMAIN;FR;ECOLE;48;65
18/01/2019;LU;4989;SANEM;LUX;LUX;CONNAISSANCE MONSIEUR DIDIER;9;5,5
18/01/2019;BE;1170;BRUXELLES;FR;FR;FAMILLE ;136;208
18/01/2019;PT;2745;QUELUZ;PT;PT;Luxembourg CARD ;/;1694
18/01/2019;PT;2925;AZEITAO;PT;PT;Luxembourg CARD ;/;1700
19/01/2019;LU;4022;ESCH-SUR-ALZETTE ;LUX;FR;PASSE DEVANT;17;10,3
19/01/2019;LU;8055;BERTRANGE;LUX;FR;B.A.O.;23;19,4
19/01/2019;LU;8422;STEINFORT;LUX;ANG;B.A.O.;26;19,7
19/01/2019;LU;5465;WALDBREDIMUS;LUX;FR;B.A.O.;32;38,8
19/01/2019;LU;1137;HOWALD;FR;LUX;B.A.O.;25;26
19/01/2019;LU;6251;GEYERSHAFF;LUX;ANG;ECOLE;44;56,7
19/01/2019;DE;54662;HERFORST;DE;DE;FB;66;96,8
19/01/2019;LU;5762;HASSEL;ANG;FR;TRIPADVISOR;26;32
19/01/2019;LU;3630;KAYL;LUX;FR;B.A.O. ;15;17
19/01/2019;LU;1716;LUXEMBOURG;RUSSE;ANG;FB;29;27
19/01/2019;LU;9115;SCHIEREN;CHINOIS;ANG;B.A.O.;42;61,6
19/01/2019;LU;3961;EHLANGE-SUR-MESS;PT;FR;B.A.O.;16;12,9
19/01/2019;LU;5401;AHN;LU;FR;STUART;38;53,7
19/01/2019;DE;66578;SCHIFFWEILER;DE;SAAROIS;INTERNET (SAIS PLUS);73;114
19/01/2019;LU;3860;SCHIFFLANGE;FR;FR;PASSE DEVANT;14;13,4
19/01/2019;LU;7230;HELMSANGE;TCHEQUE;FR;2EME VISITE;30;35
19/01/2019;FR;57330;ESCHERANGE;FR;ANG;PASSE DEVANT;23;28,8
19/01/2019;LU;4932;HAUTSCHARAGE;FR;FR;TRAVAILLE A LA COMMUNE DIFF;12;6,8
20/01/2019;BE;6700;ARLON;FR;FR;B.A.O.;28;26,3
20/01/2019;LU;6225;ALTRIER;FR;ANG;B.A.O.;36;50,7
20/01/2019;LU;7347;STEINSEL;LUX;FR;B.A.O.;30;35,9
20/01/2019;LU;1541;LUXEMBOURG;ESP;FR;2EME VISITE;22;27,7
20/01/2019;BE;6700;ARLON;FR;FR;B.A.O.;28;26,3
20/01/2019;LU;7265;BERELDANGE;ESP;FR;B.A.O.;26;33,5
20/01/2019;LU;7220;WALFERDANGE;FR;ANG;2EME VISITE;30;35,6
20/01/2019;LU;7224;WALFERDANGE;DE;FR;2EME VISITE;32;35,9
20/01/2019;LU;5310;CONTERN;FR;ANG;JOURNAL (SAIS PLUS);27;36
20/01/2019;FR;54800;ABBEVILLE-LES-CONFLANS;FR;FR;INTERNET (SAIS PLUS);57;54,7
20/01/2019;LU;8470;EISCHEN;BULGARE;ANG;VISIT LUXEMBOURG;31;24,6
20/01/2019;LU;2141;LUXEMBOURG;FR;ANG;ECOLE;24;28
20/01/2019;FR;57690;CREHANGE;FR;ANG;REPUBLICAIN LORRAIN;70;101
20/01/2019;LU;2342;LUXEMBOURG;DANOIS;ANG;FB;19;24,3
20/01/2019;LU;3630;KAYL;LUX;FR;ECOLE;15;17
20/01/2019;LU;4666;DIFFERDANGE;IT;FR;PASSAGE;5;2,1
20/01/2019;LU;1467;LUXEMBOURG;FR;ANG;INTERNET (SAIS PLUS);22;26,5
20/01/2019;LU;1310;LUXEMBOURG;LUX;DE;Presse RTL LUX;25;33,1
20/01/2019;LU;4888;LAMADELAINE;LUX;FR;A CONSTRUIT LA LEIERBUD;12;6,8
20/01/2019;LU;5836;ALZINGEN;FR;ANG;VISIT LUXEMBOURG;24;28,9
21/01/2019;LU;4535;DIFFERDANGE;LUX;DE;PASSAGE;2;0,9
24/01/2019;LU;2444;LUXEMBOURG;LUX;FR;ECOLE;25;27,3
26/01/2019;LU;3327;CRAUTHEM;LUX;LUX;2ŠME VISITE;21;26
26/01/2019;LU;2443;LUXEMBOURG;LUX;LUX;B.A.O;19;24,3
26/01/2019;LU;1328;LUXEMBOURG;LUX;LUX;Presse RADIO;19;24,3
26/01/2019;FR;57390;AUDUN-LE-TICHE;FR;FR;SCIENCE DAY;16;11
26/01/2019;LU;7714;COLMAR-BERG;LUX;LUX;B.A.O. AMIS;38;59
26/01/2019;LU;5243;SANDWEILER;IT;FR;B.A.O. AMIS;23;33
26/01/2019;LU;4408;BELVAUX;LUX;LUX;PRESSE;8;4,7
26/01/2019;DE;54329;KONZ;DE;DE;GOOGLE;50;66
26/01/2019;LU;1541;LUXEMBOURG;ANG;FR;GOOGLE;19;24,3
26/01/2019;LU;5741;FILSDORF;LUX;DE;Presse REPORTAGE RTL;25;32
26/01/2019;DE;54636;TATTENHEIM;DE;DE;GOOGLE;;
26/01/2019;LU;8224;MAMER;ANG ;LUX;B.A.O;24;18
26/01/2019;LU;4243;ESCH SUR ALZETTE ;LUX;LUX;ECOLE;15;11
26/01/2019;LU;7561;MERSCH;LUX;LUX;GOOGLE;36;43
26/01/2019;LU;3341;HUNCHERANGE;LUX ;DE;B.A.O.;15;17
26/01/2019;LU;4291;ESCH SUR ALZETTE ;FR;FR;ECOLE;15;11
26/01/2019;LU;3220;BETTEMBOURG;LUX;LUX;GOOGLE;19;20
26/01/2019;BE;6771;MUSSON;FR;FR;GOOGLE;27;19
26/01/2019;LU;1250;LUXEMBOURG;ANG;ANG;2ŠME Visite;19;24,3
26/01/2019;LU;3863;SCHIFFLANGE;CAPVERDIEN;FR;PETIT WEB . LU ;21;20
26/01/2019;LU;3488;DUDELANGE;FR;FR;ECOLE;18;20
27/01/2019;ECOSSE;;FIFE;ANG;ANG;GOOGLE;790;1293
27/01/2019;LU;4408;BELVAUX;NL;FR;GOOGLE;8;4,5
27/01/2019;LU;2380;LUXEMBOURG;ESP;FR;GOOGLE;19;24,3
27/01/2019;LU;1511;LUXEMBOURG;ESP;FR ;ENOVOS ;19;24,3
27/01/2019;LU;8393;OLM;FR;ANG;B.A.O. FAMILLE;23;34
27/01/2019;LU;8077;BERTRANGE;POLONAIS;FR;B.A.O. AMIS;21;26
27/01/2019;LU;2128;LUXEMBOURG;POLONAIS;FR;B.A.O. AMIS;19;24,3
27/01/2019;LU;1626;LUXEMBOURG;RUSSE;ANG;GOOGLE;19;24,3
27/01/2019;LU;3273;BETTEMBOURG;LUX;LUX;2ŠME VISITE;18;20
27/01/2019;LU;6959;NIEDERANVEN;DE;ANG;GOOGLE;27;41
27/01/2019;LU;8272;MAMER;DE;ANG;GOOGLE;24;18
27/01/2019;LU;4499;LIMPACH;LUX;LUX;GOOGLE;16;13
27/01/2019;LU;5433;NIEDERDONVEN;LUX;LUX;ECOLE;33;51
27/01/2019;LU;2410;LUXEMBOURG;LETTON;FR;2ŠME VISITE;19;24,3
27/01/2019;LU;4319;ESCH SUR ALZETTE ;FR;FR;BIZ LEAD;13;11
27/01/2019;LU;4970;BETTANGE-SUR-MESS;FR;FR;GOOGLE;16;12
27/01/2019;LU;8282;KEHLEN;FR;FR;Presse ESSENTIEL;25;36
27/01/2019;LU;4740;PETANGE;LUX;LUX;ECOLE;9;5,1
27/01/2019;LU;4926;BASCHARAGE;LUX;LUX;ECOLE;9;6,1
27/01/2019;LU;1455;LUXEMBOURG;LUX;LUX;ECOLE;19;24,3
27/01/2019;LU;8010;STRASSEN;LUX;LUX;ECOLE;20;26
27/01/2019;LU;2141;LUXEMBOURG;LUX;LUX;GOOGLE;19;24,3
27/01/2019;BE;6792;HALANZI;FR;FR;GOOGLE;20;18
27/01/2019;LU;2157;LUXEMBOURG;LUX;FR;AMIS;19;24,3
27/01/2019;LU;5837;ALZINGEN;FR;FR;2ŠME Visite;23;26
27/01/2019;LU;2628;LUXEMBOURG;DE;ANG;ECOLE;19;24,3
27/01/2019;LU;4665;OBERKORN;FR;LUX;COMMUNE DE DIFFERDANGE;3;1,3
27/01/2019;LU;2153;LUXEMBOURG;LUX;LUX;B.A.O. FAMILLE;19;24,3
27/01/2019;LU;4460;BELVAUX;ROUMAIN;FR;GOOGLE;4,7;8
27/01/2019;LU;7255;HELMSANGE;LUX;LUX;ECOLE;26;34
27/01/2019;LU;3655;KAYL;LUX;LUX;B.A.O. FAMILLE;15;17
28/01/2019;LU;8078;BERTRANGE;LUX;LUX;CONNAISSANCE MONSIEUR DIDIER 5 Mr SCHAADECK;23;26
29/01/2019;LU;1727;LUXEMBOURG;ESP;FR;2ŠME Visite ;19;24,3
30/01/2019;LU;3260;BETTEMBOURG;LUX;LUX;CONNAISSANCE MONSIEUR DIDIER;18;20
